1	ɑːrːetːɑ	ɑːrːetːɑ	1	0.9681955575942993	0	1	0.9090909361839294
1	ɑːrːetːɑ	ɑːrːeɑ	2	0.6840385794639587	2	0	0.9090909361839294
1	ɑːrːetːɑ	ɑːrːeːtːɑ	3	0.6155047416687012	1	0	0.9090909361839294
1	ɑːrːetːɑ	ɑːrtetːɑ	4	0.6057433485984802	1	0	0.9090909361839294
1	ɑːrːetːɑ	ɑːrː;etːɑ	5	0.5626581311225891	1	0	0.9090909361839294
1	ɑːrːetːɑ	ɑːrːestɑ	6	0.5566580295562744	2	0	0.9090909361839294
1	ɑːrːetːɑ	ɑːrːetːæ	7	0.5566421151161194	1	0	0.9090909361839294
1	ɑːrːetːɑ	ɑːrːtːɑ	8	0.5471439361572266	1	0	0.9090909361839294
1	ɑːrːetːɑ	ɑhrːetːɑ	9	0.5461146831512451	1	0	0.9090909361839294
1	ɑːrːetːɑ	ɑːrhetːɑ	10	0.53229820728302	1	0	0.9090909361839294
2	ɑːrteːlːe	ɑːrːelːe	1	0.9576284885406494	2	0	0.6666666865348816
2	ɑːrteːlːe	ɑːrtelːe	2	0.750055730342865	1	0	0.6666666865348816
2	ɑːrteːlːe	ɑːrelːe	3	0.6692710518836975	2	0	0.6666666865348816
2	ɑːrteːlːe	ɑːrːeːlːe	4	0.6546354293823242	1	0	0.6666666865348816
2	ɑːrteːlːe	ɑːrsːelːe	5	0.6162412166595459	3	0	0.6666666865348816
2	ɑːrteːlːe	ɑːrkelːe	6	0.5847000479698181	2	0	0.6666666865348816
2	ɑːrteːlːe	ɑːrdelːe	7	0.5797082185745239	2	0	0.6666666865348816
2	ɑːrteːlːe	ɑːrielːe	8	0.568569004535675	2	0	0.6666666865348816
2	ɑːrteːlːe	ɑːrbelːe	9	0.5622549653053284	2	0	0.6666666865348816
2	ɑːrteːlːe	ɑːrːelːelːe	10	0.5311416387557983	3	0	0.6666666865348816
3	ɑːrteːn	ɑːrːen	1	0.9382753968238831	2	0	0.7777777910232544
3	ɑːrteːn	ɑːrːeːn	2	0.7394385933876038	1	0	0.7777777910232544
3	ɑːrteːn	ɑːrten	3	0.6742207407951355	1	0	0.7777777910232544
3	ɑːrteːn	ɑːrteːn	4	0.625001847743988	0	1	0.7777777910232544
3	ɑːrteːn	ɑːren	5	0.5939804315567017	2	0	0.7777777910232544
3	ɑːrteːn	ɑːrːesːɑ	6	0.5660516619682312	3	0	0.7777777910232544
3	ɑːrteːn	ɑːrsːen	7	0.5449468493461609	3	0	0.7777777910232544
3	ɑːrteːn	ɑːrken	8	0.5132141709327698	2	0	0.7777777910232544
3	ɑːrteːn	ɑːreːn	9	0.5016599893569946	1	0	0.7777777910232544
3	ɑːrteːn	ɑːrien	10	0.49355196952819824	2	0	0.7777777910232544
4	ɑːrteːseːn	ɑːrːeːn	1	0.9672307372093201	3	0	0.3529411852359772
4	ɑːrteːseːn	ɑːrːeːseːn	2	0.7030049562454224	1	0	0.3529411852359772
4	ɑːrteːseːn	ɑːrteːn	3	0.6305185556411743	3	0	0.3529411852359772
4	ɑːrteːseːn	ɑːrːteːn	4	0.5719875693321228	3	0	0.3529411852359772
4	ɑːrteːseːn	ɑːrːetːn	5	0.5529019832611084	4	0	0.3529411852359772
4	ɑːrteːseːn	ɑːrːeːsːn	6	0.5518307089805603	2	0	0.3529411852359772
4	ɑːrteːseːn	ɑːrː;eːn	7	0.542328417301178	3	0	0.3529411852359772
4	ɑːrteːseːn	ɑːr;eːn	8	0.5388563275337219	4	0	0.3529411852359772
4	ɑːrteːseːn	ɑːrheːn	9	0.538760781288147	4	0	0.3529411852359772
4	ɑːrteːseːn	ɑhrːeːn	10	0.5292587876319885	4	0	0.3529411852359772
5	ɑːrteːsːɑ	ɑːrːesːɑ	1	0.9164197444915771	2	0	0.6000000238418579
5	ɑːrteːsːɑ	ɑːrːeːsːɑ	2	0.8118444085121155	1	0	0.6000000238418579
5	ɑːrteːsːɑ	ɑːrtesːɑ	3	0.7621954679489136	1	0	0.6000000238418579
5	ɑːrteːsːɑ	ɑːrteːsːɑ	4	0.7372140884399414	0	1	0.6000000238418579
5	ɑːrteːsːɑ	ɑːresːɑ	5	0.7074068188667297	2	0	0.6000000238418579
5	ɑːrteːsːɑ	ɑːreːsːɑ	6	0.6647652387619019	1	0	0.6000000238418579
5	ɑːrteːsːɑ	ɑːrːeksːɑ	7	0.6494618058204651	2	0	0.6000000238418579
5	ɑːrteːsːɑ	ɑːrsːesːɑ	8	0.6029930710792542	3	0	0.6000000238418579
5	ɑːrteːsːɑ	ɑːrdesːɑ	9	0.5965812802314758	2	0	0.6000000238418579
5	ɑːrteːsːɑ	ɑːrːetːɑ	10	0.589215874671936	3	0	0.6000000238418579
6	ɑːrteːstɑ	ɑːrːestɑ	1	0.9151679277420044	2	0	0.6499999761581421
6	ɑːrteːstɑ	ɑːrtestɑ	2	0.7900059223175049	1	0	0.6499999761581421
6	ɑːrteːstɑ	ɑːrːeːstɑ	3	0.773874044418335	1	0	0.6499999761581421
6	ɑːrteːstɑ	ɑːrteːstɑ	4	0.7208319306373596	0	1	0.6499999761581421
6	ɑːrteːstɑ	ɑːrestɑ	5	0.7112459540367126	2	0	0.6499999761581421
6	ɑːrteːstɑ	ɑːrːekstɑ	6	0.6662870049476624	2	0	0.6499999761581421
6	ɑːrteːstɑ	ɑːrːetːɑ	7	0.6518319249153137	4	0	0.6499999761581421
6	ɑːrteːstɑ	ɑːreːstɑ	8	0.6259475350379944	1	0	0.6499999761581421
6	ɑːrteːstɑ	ɑːrsːestɑ	9	0.6099293828010559	3	0	0.6499999761581421
6	ɑːrteːstɑ	ɑːrdestɑ	10	0.594035267829895	2	0	0.6499999761581421
7	ɑlːɑstɑ	ɑlːɑstɑ	1	0.9463573098182678	0	1	0.9333333373069763
7	ɑlːɑstɑ	ɑlːɑtːɑ	2	0.7467049360275269	2	0	0.9333333373069763
7	ɑlːɑstɑ	ɑlːɑːtɑ	3	0.7327986359596252	1	0	0.9333333373069763
7	ɑlːɑstɑ	ɑlːɑkstɑ	4	0.6821239590644836	1	0	0.9333333373069763
7	ɑlːɑstɑ	ɑlːɑɕtɑ	5	0.5716293454170227	1	0	0.9333333373069763
7	ɑlːɑstɑ	ɑltɑstɑ	6	0.5360804796218872	1	0	0.9333333373069763
7	ɑlːɑstɑ	ɑlːɑztɑ	7	0.5167489647865295	1	0	0.9333333373069763
7	ɑlːɑstɑ	ɑlːɑsːɑ	8	0.5120754241943359	1	0	0.9333333373069763
7	ɑlːɑstɑ	ɑl;ɑstɑ	9	0.5056242942810059	1	0	0.9333333373069763
7	ɑlːɑstɑ	ɑlːɑstɑstɑ	10	0.4982014000415802	3	0	0.9333333373069763
8	ɑltɑːlːe	ɑlːɑːlːe	1	0.8842403888702393	1	0	0.6363636255264282
8	ɑltɑːlːe	ɑlːɑsːe	2	0.8101213574409485	3	0	0.6363636255264282
8	ɑltɑːlːe	ɑlːɑksːe	3	0.7980539202690125	3	0	0.6363636255264282
8	ɑltɑːlːe	ɑlːɑdelːe	4	0.779091477394104	3	0	0.6363636255264282
8	ɑltɑːlːe	ɑlːɑkse	5	0.724725604057312	4	0	0.6363636255264282
8	ɑltɑːlːe	ɑlːɑlːe	6	0.6655693650245667	2	0	0.6363636255264282
8	ɑltɑːlːe	ɑlːɑɕːe	7	0.6303208470344543	3	0	0.6363636255264282
8	ɑltɑːlːe	ɑlːɑelːe	8	0.6167066693305969	2	0	0.6363636255264282
8	ɑltɑːlːe	ɑlɑːɑlːe	9	0.6008918881416321	2	0	0.6363636255264282
8	ɑltɑːlːe	ɑlːɑtsːe	10	0.5950252413749695	3	0	0.6363636255264282
9	ɑltɑːn	ɑlːɑksen	1	0.868455171585083	4	0	0.5555555820465088
9	ɑltɑːn	ɑlːɑːn	2	0.838683545589447	1	0	0.5555555820465088
9	ɑltɑːn	ɑlːɑsen	3	0.7993939518928528	3	0	0.5555555820465088
9	ɑltɑːn	ɑlːɑden	4	0.7641910314559937	3	0	0.5555555820465088
9	ɑltɑːn	ɑlːɑtsen	5	0.5725089311599731	4	0	0.5555555820465088
9	ɑltɑːn	ɑlːɑɕn	6	0.5534944534301758	2	0	0.5555555820465088
9	ɑltɑːn	ɑlːɑten	7	0.5431018471717834	3	0	0.5555555820465088
9	ɑltɑːn	ɑlːɑsːn	8	0.5421308875083923	2	0	0.5555555820465088
9	ɑltɑːn	ɑlːɑen	9	0.5407178401947021	2	0	0.5555555820465088
9	ɑltɑːn	ɑlːɑkseːn	10	0.5189656019210815	4	0	0.5555555820465088
10	ɑltɑːseːn	ɑlːɑseːn	1	0.8834678530693054	2	0	0.5882353186607361
10	ɑltɑːseːn	ɑlːɑːn	2	0.8074567317962646	4	0	0.5882353186607361
10	ɑltɑːseːn	ɑlːɑsːn	3	0.7901087403297424	3	0	0.5882353186607361
10	ɑltɑːseːn	ɑlːɑkseːn	4	0.7644398212432861	2	0	0.5882353186607361
10	ɑltɑːseːn	ɑlːɑːseːn	5	0.6590713858604431	1	0	0.5882353186607361
10	ɑltɑːseːn	ɑlːɑtseːn	6	0.6588180661201477	2	0	0.5882353186607361
10	ɑltɑːseːn	ɑlːɑteːn	7	0.6321256756782532	3	0	0.5882353186607361
10	ɑltɑːseːn	ɑlːɑtːn	8	0.631341278553009	4	0	0.5882353186607361
10	ɑltɑːseːn	ɑlːɑdeːn	9	0.6110572218894958	3	0	0.5882353186607361
10	ɑltɑːseːn	ɑlːɑsːeːn	10	0.5683518648147583	3	0	0.5882353186607361
11	ɑltɑːsːɑ	ɑlːɑsːɑ	1	0.8875288367271423	2	0	0.5882353186607361
11	ɑltɑːsːɑ	ɑlːɑːsːɑ	2	0.8524191975593567	1	0	0.5882353186607361
11	ɑltɑːsːɑ	ɑlːɑksːɑ	3	0.796144962310791	2	0	0.5882353186607361
11	ɑltɑːsːɑ	ɑlːɑdesːɑ	4	0.7656327486038208	3	0	0.5882353186607361
11	ɑltɑːsːɑ	ɑlːɑksesːɑ	5	0.707137942314148	4	0	0.5882353186607361
11	ɑltɑːsːɑ	ɑlːɑtsːɑ	6	0.6387137770652771	2	0	0.5882353186607361
11	ɑltɑːsːɑ	ɑlɑːɑsːɑ	7	0.617996871471405	2	0	0.5882353186607361
11	ɑltɑːsːɑ	ɑlːɑesːɑ	8	0.5924167037010193	2	0	0.5882353186607361
11	ɑltɑːsːɑ	ɑlːɑɕːɑ	9	0.5660832524299622	3	0	0.5882353186607361
11	ɑltɑːsːɑ	ɑltɑsːɑ	10	0.5447278618812561	1	0	0.5882353186607361
12	ɑltɑːstɑ	ɑlːɑstɑ	1	0.9234257936477661	2	0	0.4375
12	ɑltɑːstɑ	ɑlːɑːstɑ	2	0.7989773750305176	1	0	0.4375
12	ɑltɑːstɑ	ɑlːɑkstɑ	3	0.792436420917511	2	0	0.4375
12	ɑltɑːstɑ	ɑlːɑdestɑ	4	0.7365303635597229	3	0	0.4375
12	ɑltɑːstɑ	ɑlːɑtstɑ	5	0.6515587568283081	2	0	0.4375
12	ɑltɑːstɑ	ɑlɑːɑstɑ	6	0.6099396347999573	2	0	0.4375
12	ɑltɑːstɑ	ɑlːɑestɑ	7	0.5776145458221436	2	0	0.4375
12	ɑltɑːstɑ	ɑltɑstɑ	8	0.5683527588844299	1	0	0.4375
12	ɑltɑːstɑ	ɑlːɑgstɑ	9	0.5535541772842407	2	0	0.4375
12	ɑltɑːstɑ	ɑlːɑɕtɑ	10	0.5516232252120972	3	0	0.4375
13	ɑʋɑimeːn	ɑʋɑin	1	0.9766091108322144	3	0	0.75
13	ɑʋɑimeːn	ɑʋɑimeːn	2	0.5197421312332153	0	1	0.75
13	ɑʋɑimeːn	ɑʋɑiɲːn	3	0.5171790719032288	2	0	0.75
13	ɑʋɑimeːn	ɑʋɑiseːn	4	0.5061269998550415	1	0	0.75
13	ɑʋɑimeːn	ɑʋɑineːn	5	0.48570939898490906	1	0	0.75
13	ɑʋɑimeːn	ɑʋɑinːn	6	0.4807308316230774	2	0	0.75
13	ɑʋɑimeːn	ɑʋɑisːn	7	0.48070165514945984	2	0	0.75
13	ɑʋɑimeːn	ɑʋɑinɛːn	8	0.463742733001709	2	0	0.75
13	ɑʋɑimeːn	ɑʋɑiːn	9	0.4599628448486328	2	0	0.75
13	ɑʋɑimeːn	ɑʋɑintːn	10	0.4394650459289551	2	0	0.75
14	ɑʋɑimelːe	ɑʋɑinelːe	1	0.8566385507583618	1	0	0.875
14	ɑʋɑimelːe	ɑʋɑinɑlːe	2	0.8327846527099609	2	0	0.875
14	ɑʋɑimelːe	ɑʋɑinilːe	3	0.7929346561431885	2	0	0.875
14	ɑʋɑimelːe	ɑʋɑinːe	4	0.7771086692810059	3	0	0.875
14	ɑʋɑimelːe	ɑʋɑinulːe	5	0.7404353022575378	2	0	0.875
14	ɑʋɑimelːe	ɑʋɑinlːe	6	0.7392436861991882	2	0	0.875
14	ɑʋɑimelːe	ɑʋɑin	7	0.7281523942947388	5	0	0.875
14	ɑʋɑimelːe	ɑʋɑinɛlːe	8	0.6673537492752075	2	0	0.875
14	ɑʋɑimelːe	ɑʋɑinɔlːe	9	0.6194106936454773	2	0	0.875
14	ɑʋɑimelːe	ɑʋɑiɲːe	10	0.6186219453811646	3	0	0.875
15	ɑʋɑimen	ɑʋɑin	1	0.9782902598381042	2	0	0.8888888955116272
15	ɑʋɑimen	ɑʋɑimen	2	0.4868234395980835	0	1	0.8888888955116272
15	ɑʋɑimen	ɑʋɑisen	3	0.47312942147254944	1	0	0.8888888955116272
15	ɑʋɑimen	ɑʋɑiɲn	4	0.4642714858055115	2	0	0.8888888955116272
15	ɑʋɑimen	ɑʋɑiʋen	5	0.456816166639328	1	0	0.8888888955116272
15	ɑʋɑimen	ɑʋɑinen	6	0.4333929121494293	1	0	0.8888888955116272
15	ɑʋɑimen	ɑʋɑinan	7	0.4330442547798157	2	0	0.8888888955116272
15	ɑʋɑimen	ɑʋɑisːɑ	8	0.43275973200798035	3	0	0.8888888955116272
15	ɑʋɑimen	ɑʋɑinɑn	9	0.4268285930156708	2	0	0.8888888955116272
15	ɑʋɑimen	ɑʋɑiːn	10	0.4131181538105011	2	0	0.8888888955116272
16	ɑʋɑimesːɑ	ɑʋɑin	1	0.8443900942802429	5	0	0.9375
16	ɑʋɑimesːɑ	ɑʋɑinɑsːɑ	2	0.8420120477676392	2	0	0.9375
16	ɑʋɑimesːɑ	ɑʋɑinesːɑ	3	0.820396900177002	1	0	0.9375
16	ɑʋɑimesːɑ	ɑʋɑinisːɑ	4	0.8002556562423706	2	0	0.9375
16	ɑʋɑimesːɑ	ɑʋɑinːɑ	5	0.7132782340049744	3	0	0.9375
16	ɑʋɑimesːɑ	ɑʋɑinusːɑ	6	0.6848776340484619	2	0	0.9375
16	ɑʋɑimesːɑ	ɑʋɑinsːɑ	7	0.6712617874145508	2	0	0.9375
16	ɑʋɑimesːɑ	ɑʋɑinɛsːɑ	8	0.6682235598564148	2	0	0.9375
16	ɑʋɑimesːɑ	ɑʋɑintɑ	9	0.5811288952827454	4	0	0.9375
16	ɑʋɑimesːɑ	ɑʋɑisːɑ	10	0.5717253088951111	2	0	0.9375
17	ɑʋɑimestɑ	ɑʋɑinɑstɑ	1	0.8683236241340637	2	0	0.8888888955116272
17	ɑʋɑimestɑ	ɑʋɑinestɑ	2	0.8611607551574707	1	0	0.8888888955116272
17	ɑʋɑimestɑ	ɑʋɑinistɑ	3	0.8261242508888245	2	0	0.8888888955116272
17	ɑʋɑimestɑ	ɑʋɑintɑ	4	0.7752103805541992	3	0	0.8888888955116272
17	ɑʋɑimestɑ	ɑʋɑinstɑ	5	0.7332267761230469	2	0	0.8888888955116272
17	ɑʋɑimestɑ	ɑʋɑinustɑ	6	0.6791400909423828	2	0	0.8888888955116272
17	ɑʋɑimestɑ	ɑʋɑinːɑ	7	0.6617429256439209	4	0	0.8888888955116272
17	ɑʋɑimestɑ	ɑʋɑinɛstɑ	8	0.6335957646369934	2	0	0.8888888955116272
17	ɑʋɑimestɑ	ɑʋɑistɑ	9	0.597843587398529	2	0	0.8888888955116272
17	ɑʋɑimestɑ	ɑʋɑinɔstɑ	10	0.5957135558128357	2	0	0.8888888955116272
18	ɑʋɑintɑ	ɑʋɑintɑ	1	0.9704558849334717	0	1	1.0
18	ɑʋɑintɑ	ɑʋɑinɑ	2	0.6619976162910461	1	0	1.0
18	ɑʋɑintɑ	ɑʋɑiniɑ	3	0.5542079210281372	1	0	1.0
18	ɑʋɑintɑ	ɑʋɑiɲtɑ	4	0.5465612411499023	1	0	1.0
18	ɑʋɑintɑ	ɑʋɑinɛɑ	5	0.5282047986984253	1	0	1.0
18	ɑʋɑintɑ	ɑʋɑintæ	6	0.5163158178329468	1	0	1.0
18	ɑʋɑintɑ	ɑʋɑinːɑ	7	0.5131860375404358	1	0	1.0
18	ɑʋɑintɑ	ɑʋɑintːɑ	8	0.5130274295806885	1	0	1.0
18	ɑʋɑintɑ	ɑʋɑinuɑ	9	0.5106571912765503	1	0	1.0
18	ɑʋɑintɑ	ɑʋɑinɲtɑ	10	0.5060142278671265	1	0	1.0
19	hɑihin	hɑiːn	1	0.9741494059562683	2	0	0.4285714328289032
19	hɑihin	hɑiːseːn	2	0.512580931186676	4	0	0.4285714328289032
19	hɑihin	hɑihn	3	0.4852232038974762	1	0	0.4285714328289032
19	hɑihin	hɑieːn	4	0.47965991497039795	2	0	0.4285714328289032
19	hɑihin	hɑteːn	5	0.4626292884349823	3	0	0.4285714328289032
19	hɑihin	hɑi;n	6	0.46199822425842285	2	0	0.4285714328289032
19	hɑihin	hɑiːneːn	7	0.4571927487850189	4	0	0.4285714328289032
19	hɑihin	hɑitn	8	0.45503395795822144	2	0	0.4285714328289032
19	hɑihin	hɑjːn	9	0.4438186287879944	3	0	0.4285714328289032
19	hɑihin	hɑiːnøːn	10	0.4420236349105835	4	0	0.4285714328289032
20	hɑilːe	hɑilːe	1	0.9821719527244568	0	1	0.9444444179534912
20	hɑilːe	hɑilːelːe	2	0.4886319637298584	3	0	0.9444444179534912
20	hɑilːe	hɑilːesːe	3	0.4816823899745941	3	0	0.9444444179534912
20	hɑilːe	hɑlilːe	4	0.4626322388648987	1	0	0.9444444179534912
20	hɑilːe	hɑdilːe	5	0.45602521300315857	1	0	0.9444444179534912
20	hɑilːe	hɑjːlːe	6	0.4515154957771301	2	0	0.9444444179534912
20	hɑilːe	hɑ;ilːe	7	0.44981950521469116	1	0	0.9444444179534912
20	hɑilːe	hɑiːlːe	8	0.44708704948425293	1	0	0.9444444179534912
20	hɑilːe	hɑilː;e	9	0.432687371969223	1	0	0.9444444179534912
20	hɑilːe	hɑelːe	10	0.4272192716598511	1	0	0.9444444179534912
21	hɑin	hɑin	1	0.9817103743553162	0	1	1.0
21	hɑin	hɑisːɑ	2	0.40185803174972534	3	0	1.0
21	hɑin	hɑinan	3	0.37816479802131653	2	0	1.0
21	hɑin	hɑdin	4	0.37540093064308167	1	0	1.0
21	hɑin	hɑinen	5	0.3698643147945404	2	0	1.0
21	hɑin	hɑinɑn	6	0.3684830367565155	2	0	1.0
21	hɑin	hɑinɨn	7	0.36834442615509033	2	0	1.0
21	hɑin	hɑjn	8	0.3665916323661804	1	0	1.0
21	hɑin	hɑiːn	9	0.35924655199050903	1	0	1.0
21	hɑin	hɑbin	10	0.3566940724849701	1	0	1.0
22	hɑisːɑ	hɑisːɑ	1	0.9817900657653809	0	1	1.0
22	hɑisːɑ	hɑisːæ	2	0.4957128167152405	1	0	1.0
22	hɑisːɑ	hɑisːɑsːɑ	3	0.48995059728622437	3	0	1.0
22	hɑisːɑ	hɑiːsːɑ	4	0.4689534604549408	1	0	1.0
22	hɑisːɑ	hɑjːsːɑ	5	0.4657318592071533	2	0	1.0
22	hɑisːɑ	hɑdisːɑ	6	0.46386295557022095	1	0	1.0
22	hɑisːɑ	hɑisːɑːɑ	7	0.4506518840789795	2	0	1.0
22	hɑisːɑ	hɑistɑ	8	0.4460523724555969	1	0	1.0
22	hɑisːɑ	hɑisːɑgɑ	9	0.44591420888900757	2	0	1.0
22	hɑisːɑ	hɑesːɑ	10	0.43855178356170654	1	0	1.0
23	hɑistɑ	hɑistɑ	1	0.9803478121757507	0	1	0.9333333373069763
23	hɑistɑ	hɑisestɑ	2	0.516419529914856	2	0	0.9333333373069763
23	hɑistɑ	hɑistæ	3	0.4987293481826782	1	0	0.9333333373069763
23	hɑistɑ	hɑistɑstɑ	4	0.49549320340156555	3	0	0.9333333373069763
23	hɑistɑ	hɑistɑgtɑ	5	0.4767327904701233	3	0	0.9333333373069763
23	hɑistɑ	hɑjstɑ	6	0.4681781232357025	1	0	0.9333333373069763
23	hɑistɑ	hɑdistɑ	7	0.4620964527130127	1	0	0.9333333373069763
23	hɑistɑ	hɑikstɑ	8	0.45386308431625366	1	0	0.9333333373069763
23	hɑistɑ	hɑistɑːɑ	9	0.4488615393638611	2	0	0.9333333373069763
23	hɑistɑ	hɑisːɑ	10	0.43837958574295044	1	0	0.9333333373069763
24	hɑitɑ	hɑiɑ	1	0.9802641272544861	1	0	0.8500000238418579
24	hɑitɑ	hɑitɑ	2	0.43670111894607544	0	1	0.8500000238418579
24	hɑitɑ	hɑjtɑ	3	0.41033583879470825	1	0	0.8500000238418579
24	hɑitɑ	hɑ;tɑ	4	0.4026709794998169	1	0	0.8500000238418579
24	hɑitɑ	hɑiɑztɑ	5	0.3782287538051605	2	0	0.8500000238418579
24	hɑitɑ	hɑhtɑ	6	0.37169477343559265	1	0	0.8500000238418579
24	hɑitɑ	hɑtɑ	7	0.3609246015548706	1	0	0.8500000238418579
24	hɑitɑ	hɑiɑgɑ	8	0.35160258412361145	2	0	0.8500000238418579
24	hɑitɑ	hɑiɑː	9	0.3447332978248596	2	0	0.8500000238418579
24	hɑitɑ	hɑiæ	10	0.3416101038455963	2	0	0.8500000238418579
25	hɑmeːlːe	hɑmelːe	1	0.979793131351471	1	0	0.6875
25	hɑmeːlːe	hɑmeːlːe	2	0.6385670900344849	0	1	0.6875
25	hɑmeːlːe	hɑmːelːe	3	0.564976155757904	2	0	0.6875
25	hɑmeːlːe	hɑmdelːe	4	0.5217565894126892	2	0	0.6875
25	hɑmeːlːe	hɑmtelːe	5	0.5202226638793945	2	0	0.6875
25	hɑmeːlːe	hɑmelːelːe	6	0.51735919713974	2	0	0.6875
25	hɑmeːlːe	hɑmelːesːe	7	0.5148731470108032	3	0	0.6875
25	hɑmeːlːe	hɑmeklːe	8	0.5122998952865601	1	0	0.6875
25	hɑmeːlːe	hɑmesːe	9	0.5088080167770386	2	0	0.6875
25	hɑmeːlːe	hɑm;elːe	10	0.5070042014122009	2	0	0.6875
26	hɑmeːn	hɑmen	1	0.9356614947319031	1	0	0.7894737124443054
26	hɑmeːn	hɑmeːn	2	0.8241189122200012	0	1	0.7894737124443054
26	hɑmeːn	hɑmesːɑ	3	0.5588589906692505	2	0	0.7894737124443054
26	hɑmeːn	hɑmelːɑ	4	0.4996776282787323	2	0	0.7894737124443054
26	hɑmeːn	hɑmeːsːɑ	5	0.46976175904273987	3	0	0.7894737124443054
26	hɑmeːn	hɑmːen	6	0.46795183420181274	2	0	0.7894737124443054
26	hɑmeːn	hɑmekn	7	0.46473485231399536	1	0	0.7894737124443054
26	hɑmeːn	hɑmẽn	8	0.4499315321445465	1	0	0.7894737124443054
26	hɑmeːn	hɑmeen	9	0.4469182789325714	1	0	0.7894737124443054
26	hɑmeːn	hɑmeksːɑ	10	0.43638312816619873	3	0	0.7894737124443054
27	hɑmeːseːn	hɑmeːn	1	0.9763013124465942	3	0	0.8666666746139526
27	hɑmeːseːn	hɑmeːseːn	2	0.6816220879554749	0	1	0.8666666746139526
27	hɑmeːseːn	hɑmteːn	3	0.5463217496871948	3	0	0.8666666746139526
27	hɑmeːseːn	hɑmːeːn	4	0.5365496873855591	2	0	0.8666666746139526
27	hɑmeːseːn	hɑm;eːn	5	0.5326392650604248	3	0	0.8666666746139526
27	hɑmeːseːn	hɑmetːn	6	0.5204950571060181	3	0	0.8666666746139526
27	hɑmeːseːn	hɑmeːːn	7	0.5144309997558594	2	0	0.8666666746139526
27	hɑmeːseːn	hɑmeːsːn	8	0.5068216323852539	1	0	0.8666666746139526
27	hɑmeːseːn	hɑmeːneːn	9	0.4976755976676941	1	0	0.8666666746139526
27	hɑmeːseːn	hɑmeːniːn	10	0.4811633229255676	2	0	0.8666666746139526
28	hɑmeːsːɑ	hɑmesːɑ	1	0.9347573518753052	1	0	0.75
28	hɑmeːsːɑ	hɑmeːsːɑ	2	0.8693659901618958	0	1	0.75
28	hɑmeːsːɑ	hɑmeksːɑ	3	0.6381167769432068	1	0	0.75
28	hɑmeːsːɑ	hɑmetːɑ	4	0.5791927576065063	2	0	0.75
28	hɑmeːsːɑ	hɑmelːɑ	5	0.5586912631988525	2	0	0.75
28	hɑmeːsːɑ	hɑmːesːɑ	6	0.5479268431663513	2	0	0.75
28	hɑmeːsːɑ	hɑmedːɑ	7	0.51678466796875	2	0	0.75
28	hɑmeːsːɑ	hɑmeesːɑ	8	0.5161690711975098	1	0	0.75
28	hɑmeːsːɑ	hɑmesːɑsːɑ	9	0.5031495094299316	2	0	0.75
28	hɑmeːsːɑ	hɑmeːsːɑsːɑ	10	0.4961232542991638	3	0	0.75
29	hɑmeːstɑ	hɑmestɑ	1	0.9536861181259155	1	0	0.7777777910232544
29	hɑmeːstɑ	hɑmeːstɑ	2	0.8062307834625244	0	1	0.7777777910232544
29	hɑmeːstɑ	hɑmekstɑ	3	0.652894139289856	1	0	0.7777777910232544
29	hɑmeːstɑ	hɑmetːɑ	4	0.641426682472229	3	0	0.7777777910232544
29	hɑmeːstɑ	hɑmedestɑ	5	0.5713368058204651	2	0	0.7777777910232544
29	hɑmeːstɑ	hɑmesestɑ	6	0.5574714541435242	2	0	0.7777777910232544
29	hɑmeːstɑ	hɑmːestɑ	7	0.5498518347740173	2	0	0.7777777910232544
29	hɑmeːstɑ	hɑmeltɑ	8	0.5387930274009705	2	0	0.7777777910232544
29	hɑmeːstɑ	hɑmestɑstɑ	9	0.5148088932037354	3	0	0.7777777910232544
29	hɑmeːstɑ	hɑmestæ	10	0.5054613351821899	2	0	0.7777777910232544
30	hɑmetːɑ	hɑmetːɑ	1	0.9754939675331116	0	1	0.6111111044883728
30	hɑmetːɑ	hɑmeːtːɑ	2	0.6142475008964539	1	0	0.6111111044883728
30	hɑmetːɑ	hɑmeɑ	3	0.5856629014015198	2	0	0.6111111044883728
30	hɑmetːɑ	hɑm;etːɑ	4	0.5538890957832336	1	0	0.6111111044883728
30	hɑmetːɑ	hɑmtːɑ	5	0.5402970910072327	1	0	0.6111111044883728
30	hɑmetːɑ	hɑmetːæ	6	0.5218026638031006	1	0	0.6111111044883728
30	hɑmetːɑ	hɑmestɑ	7	0.5050468444824219	2	0	0.6111111044883728
30	hɑmetːɑ	hɑmetːɑzːɑ	8	0.5026296973228455	3	0	0.6111111044883728
30	hɑmetːɑ	hɑmetːɑstɑ	9	0.5012744069099426	3	0	0.6111111044883728
30	hɑmetːɑ	hɑmetːɑːɑ	10	0.4946761131286621	2	0	0.6111111044883728
31	heʋoseːn	heʋonen	1	0.9022930264472961	2	0	0.8823529481887817
31	heʋoseːn	heʋoneːn	2	0.8378640413284302	1	0	0.8823529481887817
31	heʋoseːn	heʋosen	3	0.7693493962287903	1	0	0.8823529481887817
31	heʋoseːn	heʋoseːn	4	0.7487950325012207	0	1	0.8823529481887817
31	heʋoseːn	heʋonesːn	5	0.6640557050704956	2	0	0.8823529481887817
31	heʋoseːn	heʋoneseːn	6	0.6525000333786011	2	0	0.8823529481887817
31	heʋoseːn	heʋonemeːn	7	0.6319833993911743	3	0	0.8823529481887817
31	heʋoseːn	heʋoneːseːn	8	0.6244099140167236	3	0	0.8823529481887817
31	heʋoseːn	heʋoeneːn	9	0.6010929942131042	2	0	0.8823529481887817
31	heʋoseːn	heʋonetːn	10	0.5883944630622864	2	0	0.8823529481887817
32	heʋoselːe	heʋoselːe	1	0.8830646872520447	0	1	1.0
32	heʋoselːe	heʋonelːe	2	0.8709715008735657	1	0	1.0
32	heʋoselːe	heʋonen	3	0.7990939617156982	4	0	1.0
32	heʋoselːe	heʋonesːe	4	0.7299015522003174	2	0	1.0
32	heʋoselːe	heʋoneːlːe	5	0.7074294090270996	2	0	1.0
32	heʋoselːe	heʋoneːn	6	0.7005462646484375	3	0	1.0
32	heʋoselːe	heʋonemelːe	7	0.6724776029586792	3	0	1.0
32	heʋoselːe	heʋoneklːe	8	0.6367936730384827	2	0	1.0
32	heʋoselːe	heʋoseːlːe	9	0.6263814568519592	1	0	1.0
32	heʋoselːe	heʋoneɲːe	10	0.6107515096664429	2	0	1.0
33	heʋosen	heʋonen	1	0.9413211345672607	1	0	1.0
33	heʋosen	heʋosen	2	0.8198411464691162	0	1	1.0
33	heʋosen	heʋoneːn	3	0.6682423949241638	2	0	1.0
33	heʋosen	heʋonesen	4	0.6617699861526489	2	0	1.0
33	heʋosen	heʋonemen	5	0.597392737865448	3	0	1.0
33	heʋosen	heʋoenen	6	0.5744816660881042	2	0	1.0
33	heʋosen	heʋonesːɑ	7	0.5698081254959106	4	0	1.0
33	heʋosen	heʋonekn	8	0.5402500629425049	2	0	1.0
33	heʋosen	heʋomen	9	0.526867151260376	1	0	1.0
33	heʋosen	heʋːnen	10	0.515069305896759	2	0	1.0
34	heʋosesːɑ	heʋonen	1	0.84706711769104	4	0	1.0
34	heʋosesːɑ	heʋosesːɑ	2	0.8146463632583618	0	1	1.0
34	heʋosesːɑ	heʋonesːɑ	3	0.8082133531570435	1	0	1.0
34	heʋosesːɑ	heʋosen	4	0.804056704044342	3	0	1.0
34	heʋosesːɑ	heʋoneːn	5	0.7370690703392029	3	0	1.0
34	heʋosesːɑ	heʋoseːn	6	0.712135910987854	2	0	1.0
34	heʋosesːɑ	heʋoneːsːɑ	7	0.6689174175262451	2	0	1.0
34	heʋosesːɑ	heʋonenisːɑ	8	0.6669428944587708	3	0	1.0
34	heʋosesːɑ	heʋoneksːɑ	9	0.6528154015541077	2	0	1.0
34	heʋosesːɑ	heʋoseksːɑ	10	0.6513922214508057	1	0	1.0
35	heʋosestɑ	heʋosestɑ	1	0.8579301834106445	0	1	1.0
35	heʋosestɑ	heʋonestɑ	2	0.8428610563278198	1	0	1.0
35	heʋosestɑ	heʋonenistɑ	3	0.8117733001708984	3	0	1.0
35	heʋosestɑ	heʋonenestɑ	4	0.7686130404472351	3	0	1.0
35	heʋosestɑ	heʋosenistɑ	5	0.7515624761581421	2	0	1.0
35	heʋosestɑ	heʋosenestɑ	6	0.7259005904197693	2	0	1.0
35	heʋosestɑ	heʋonenɑstɑ	7	0.7151153683662415	3	0	1.0
35	heʋosestɑ	heʋoneːnistɑ	8	0.6958296895027161	4	0	1.0
35	heʋosestɑ	heʋonentɑ	9	0.6897687315940857	2	0	1.0
35	heʋosestɑ	heʋoneːn	10	0.6797578930854797	4	0	1.0
36	heʋostɑ	heʋonentɑ	1	0.9524593353271484	3	0	0.9473684430122375
36	heʋostɑ	heʋosentɑ	2	0.8224335312843323	2	0	0.9473684430122375
36	heʋostɑ	heʋoneːntɑ	3	0.6844472885131836	4	0	0.9473684430122375
36	heʋostɑ	heʋonentæ	4	0.6518853306770325	4	0	0.9473684430122375
36	heʋostɑ	heʋonestɑ	5	0.647720217704773	2	0	0.9473684430122375
36	heʋostɑ	heʋoneːniɑ	6	0.6293561458587646	5	0	0.9473684430122375
36	heʋostɑ	heʋonentːɑ	7	0.6213915348052979	4	0	0.9473684430122375
36	heʋostɑ	heʋoneniɑ	8	0.6170266270637512	4	0	0.9473684430122375
36	heʋostɑ	heʋonetːɑ	9	0.6085694432258606	3	0	0.9473684430122375
36	heʋostɑ	heʋomentɑ	10	0.5825218558311462	3	0	0.9473684430122375
37	kɑːreːn	kɑːriːn	1	0.9736103415489197	1	0	0.6666666865348816
37	kɑːreːn	kɑːreːn	2	0.6282581686973572	0	1	0.6666666865348816
37	kɑːreːn	kɑːriːseːn	3	0.5684595704078674	3	0	0.6666666865348816
37	kɑːreːn	kɑhriːn	4	0.528355062007904	2	0	0.6666666865348816
37	kɑːreːn	kɑːrtːn	5	0.521507203578949	1	0	0.6666666865348816
37	kɑːreːn	kɑːriːneːn	6	0.5203946828842163	3	0	0.6666666865348816
37	kɑːreːn	kɑːrteːn	7	0.5142545104026794	1	0	0.6666666865348816
37	kɑːreːn	kɑːriːniːn	8	0.5122370719909668	4	0	0.6666666865348816
37	kɑːreːn	kɑːriːnøːn	9	0.5026208162307739	4	0	0.6666666865348816
37	kɑːreːn	kɑtriːn	10	0.4974253475666046	2	0	0.6666666865348816
38	kɑːrelːe	kɑːrilːe	1	0.9763926267623901	1	0	0.6111111044883728
38	kɑːrelːe	kɑːrelːe	2	0.6496084928512573	0	1	0.6111111044883728
38	kɑːrelːe	kɑːrilːelːe	3	0.5382806658744812	3	0	0.6111111044883728
38	kɑːrelːe	kɑːrilːesːe	4	0.5343182682991028	4	0	0.6111111044883728
38	kɑːrelːe	kɑːdrilːe	5	0.5339023470878601	2	0	0.6111111044883728
38	kɑːrelːe	kɑːtrilːe	6	0.5313414931297302	2	0	0.6111111044883728
38	kɑːrelːe	kɑhrilːe	7	0.5218181014060974	2	0	0.6111111044883728
38	kɑːrelːe	kɑtrilːe	8	0.5143268704414368	2	0	0.6111111044883728
38	kɑːrelːe	kɑːrisːe	9	0.5114378333091736	2	0	0.6111111044883728
38	kɑːrelːe	kɑːrilː;e	10	0.5051723718643188	2	0	0.6111111044883728
39	kɑːren	kɑːrin	1	0.974454939365387	1	0	0.5714285969734192
39	kɑːren	kɑːren	2	0.5882852673530579	0	1	0.5714285969734192
39	kɑːren	kɑːrisːɑ	3	0.4908095896244049	4	0	0.5714285969734192
39	kɑːren	kɑːtrin	4	0.463960200548172	2	0	0.5714285969734192
39	kɑːren	kɑːdrin	5	0.4587380290031433	2	0	0.5714285969734192
39	kɑːren	kɑːriːn	6	0.45497947931289673	2	0	0.5714285969734192
39	kɑːren	kɑːrinan	7	0.4507877230644226	3	0	0.5714285969734192
39	kɑːren	kɑːrinen	8	0.44816482067108154	2	0	0.5714285969734192
39	kɑːren	kɑhrin	9	0.4461040496826172	2	0	0.5714285969734192
39	kɑːren	kɑːrinɨn	10	0.4441131353378296	3	0	0.5714285969734192
40	kɑːresːɑ	kɑːrisːɑ	1	0.9751218557357788	1	0	0.5789473652839661
40	kɑːresːɑ	kɑːresːɑ	2	0.6805684566497803	0	1	0.5789473652839661
40	kɑːresːɑ	kɑːrisːæ	3	0.5535011291503906	2	0	0.5789473652839661
40	kɑːresːɑ	kɑːrisːɑsːɑ	4	0.5386327505111694	4	0	0.5789473652839661
40	kɑːresːɑ	kɑːdrisːɑ	5	0.536334753036499	2	0	0.5789473652839661
40	kɑːresːɑ	kɑːrdisːɑ	6	0.5259951949119568	2	0	0.5789473652839661
40	kɑːresːɑ	kɑhrisːɑ	7	0.5173587203025818	2	0	0.5789473652839661
40	kɑːresːɑ	kɑːristɑ	8	0.5125952363014221	2	0	0.5789473652839661
40	kɑːresːɑ	kɑtrisːɑ	9	0.5112632513046265	2	0	0.5789473652839661
40	kɑːresːɑ	kɑːrisːɑːɑ	10	0.5100616216659546	3	0	0.5789473652839661
41	kɑːrestɑ	kɑːristɑ	1	0.974031925201416	1	0	0.5384615659713745
41	kɑːrestɑ	kɑːrestɑ	2	0.6703740358352661	0	1	0.5384615659713745
41	kɑːrestɑ	kɑːrisestɑ	3	0.5770995616912842	2	0	0.5384615659713745
41	kɑːrestɑ	kɑːristæ	4	0.5709785223007202	2	0	0.5384615659713745
41	kɑːrestɑ	kɑːristɑstɑ	5	0.541455864906311	4	0	0.5384615659713745
41	kɑːrestɑ	kɑːrikstɑ	6	0.5340100526809692	2	0	0.5384615659713745
41	kɑːrestɑ	kɑːtristɑ	7	0.5337438583374023	2	0	0.5384615659713745
41	kɑːrestɑ	kɑːrisːɑ	8	0.5280152559280396	2	0	0.5384615659713745
41	kɑːrestɑ	kɑhristɑ	9	0.5193309783935547	2	0	0.5384615659713745
41	kɑːrestɑ	kɑtristɑ	10	0.5133126974105835	2	0	0.5384615659713745
42	kɑːrtɑ	kɑːriɑ	1	0.9736361503601074	1	0	0.3333333432674408
42	kɑːrtɑ	kɑːreɑ	2	0.5647277235984802	1	0	0.3333333432674408
42	kɑːrtɑ	kɑːrtɑ	3	0.5512061715126038	0	1	0.3333333432674408
42	kɑːrtɑ	kɑːtriɑ	4	0.47256115078926086	2	0	0.3333333432674408
42	kɑːrtɑ	kɑːriæ	5	0.47228366136550903	2	0	0.3333333432674408
42	kɑːrtɑ	kɑhriɑ	6	0.46119382977485657	2	0	0.3333333432674408
42	kɑːrtɑ	kɑːrjɑ	7	0.45465466380119324	1	0	0.3333333432674408
42	kɑːrtɑ	kɑːriɑztɑ	8	0.449483722448349	3	0	0.3333333432674408
42	kɑːrtɑ	kɑːriɑk	9	0.4440430998802185	2	0	0.3333333432674408
42	kɑːrtɑ	kɑːrɑː	10	0.4403398036956787	2	0	0.3333333432674408
43	kæʋylːe	kæpylːe	1	0.9804618954658508	1	0	1.0
43	kæʋylːe	kæpːylːe	2	0.5199207663536072	2	0	1.0
43	kæʋylːe	kæpylːelːe	3	0.5145538449287415	4	0	1.0
43	kæʋylːe	kæpylːesːe	4	0.5110699534416199	4	0	1.0
43	kæʋylːe	kæpdylːe	5	0.5007009506225586	2	0	1.0
43	kæʋylːe	kæʋylːe	6	0.48151159286499023	0	1	1.0
43	kæʋylːe	kæpølːe	7	0.4715597927570343	2	0	1.0
43	kæʋylːe	kæpælːe	8	0.471312552690506	2	0	1.0
43	kæʋylːe	kædylːe	9	0.4709446430206299	1	0	1.0
43	kæʋylːe	kæːylːe	10	0.46923696994781494	1	0	1.0
44	kæʋystæ	kæpystæ	1	0.9780755639076233	1	0	0.949999988079071
44	kæʋystæ	kæpysestæ	2	0.5507732629776001	3	0	0.949999988079071
44	kæʋystæ	kæpystɑ	3	0.5471619367599487	2	0	0.949999988079071
44	kæʋystæ	kæpystæstæ	4	0.5202720761299133	4	0	0.949999988079071
44	kæʋystæ	kæpːystæ	5	0.5173946619033813	2	0	0.949999988079071
44	kæʋystæ	kæpyːstæ	6	0.5090603828430176	2	0	0.949999988079071
44	kæʋystæ	kæʋystæ	7	0.49495455622673035	0	1	0.949999988079071
44	kæʋystæ	kæpysːæ	8	0.48315444588661194	2	0	0.949999988079071
44	kæʋystæ	kæpystæːæ	9	0.48205676674842834	3	0	0.949999988079071
44	kæʋystæ	kædystæ	10	0.4788995087146759	1	0	0.949999988079071
45	kæʋyn	kæpyn	1	0.9791001677513123	1	0	0.9473684430122375
45	kæʋyn	kæpynkæ	2	0.4420003592967987	3	0	0.9473684430122375
45	kæʋyn	kæpyːn	3	0.4368031322956085	2	0	0.9473684430122375
45	kæʋyn	kæpːyn	4	0.42531654238700867	2	0	0.9473684430122375
45	kæʋyn	kæpynan	5	0.4151155650615692	3	0	0.9473684430122375
45	kæʋyn	kæpynen	6	0.4117738902568817	3	0	0.9473684430122375
45	kæʋyn	kæpynɨn	7	0.4084593951702118	3	0	0.9473684430122375
45	kæʋyn	kæʋyn	8	0.4070553481578827	0	1	0.9473684430122375
45	kæʋyn	kæpynøn	9	0.40651652216911316	3	0	0.9473684430122375
45	kæʋyn	kædyn	10	0.38902589678764343	1	0	0.9473684430122375
46	kæpyːn	kæpyːn	1	0.9809922575950623	0	1	0.75
46	kæpyːn	kæpyːseːn	2	0.562162458896637	3	0	0.75
46	kæpyːn	kæpyːneːn	3	0.49264273047447205	3	0	0.75
46	kæpyːn	kæpyːniːn	4	0.4777567982673645	3	0	0.75
46	kæpyːn	kæpyːnyːn	5	0.4769056439399719	3	0	0.75
46	kæpyːn	kæpyːnøːn	6	0.47645628452301025	3	0	0.75
46	kæpyːn	kæpyːntn	7	0.43902915716171265	2	0	0.75
46	kæpyːn	kæpyːnɨn	8	0.43757906556129456	2	0	0.75
46	kæpyːn	kæpyːnaːn	9	0.4342372417449951	3	0	0.75
46	kæpyːn	kæpæːn	10	0.4297678470611572	1	0	0.75
47	kæʋysːæ	kæpysːæ	1	0.9785255193710327	1	0	0.9230769276618958
47	kæʋysːæ	kæpysːɑ	2	0.5693493485450745	2	0	0.9230769276618958
47	kæʋysːæ	kæpːysːæ	3	0.5251926183700562	2	0	0.9230769276618958
47	kæʋysːæ	kæpysːæsːæ	4	0.5155801177024841	4	0	0.9230769276618958
47	kæʋysːæ	kæpysːæzːæ	5	0.510071873664856	4	0	0.9230769276618958
47	kæʋysːæ	kæpdysːæ	6	0.5080992579460144	2	0	0.9230769276618958
47	kæʋysːæ	kæʋysːæ	7	0.5036641359329224	0	1	0.9230769276618958
47	kæʋysːæ	kæpystæ	8	0.4955452084541321	2	0	0.9230769276618958
47	kæʋysːæ	kædysːæ	9	0.4859049320220947	1	0	0.9230769276618958
47	kæʋysːæ	kæpysːæːæ	10	0.481114000082016	3	0	0.9230769276618958
48	kæpyæ	kæpyæ	1	0.9806217551231384	0	1	0.8823529481887817
48	kæpyæ	kæpːyæ	2	0.43210750818252563	1	0	0.8823529481887817
48	kæpyæ	kæpyæztæ	3	0.43204089999198914	3	0	0.8823529481887817
48	kæpyæ	æpypyæ	4	0.41462162137031555	3	0	0.8823529481887817
48	kæpyæ	kæpyæk	5	0.4094915986061096	1	0	0.8823529481887817
48	kæpyæ	kæpæː	6	0.40565165877342224	2	0	0.8823529481887817
48	kæpyæ	kæpyɑ	7	0.40522849559783936	1	0	0.8823529481887817
48	kæpyæ	kæpyæː	8	0.3928709030151367	1	0	0.8823529481887817
48	kæpyæ	kæpyæzːæ	9	0.3855680227279663	3	0	0.8823529481887817
48	kæpyæ	kæpøæ	10	0.38090941309928894	1	0	0.8823529481887817
49	kɑulimeːn	kɑulin	1	0.9702079892158508	3	0	0.5263158082962036
49	kɑulimeːn	kɑulimeːn	2	0.5936486721038818	0	1	0.5263158082962036
49	kɑulimeːn	kɑuliseːn	3	0.5791811347007751	1	0	0.5263158082962036
49	kɑulimeːn	kɑuliɲːn	4	0.569232165813446	2	0	0.5263158082962036
49	kɑulimeːn	kɑulisːn	5	0.5559998154640198	2	0	0.5263158082962036
49	kɑulimeːn	kɑuliːn	6	0.5397385358810425	2	0	0.5263158082962036
49	kɑulimeːn	kɑulieːn	7	0.5088241696357727	1	0	0.5263158082962036
49	kɑulimeːn	kɑuliŋːn	8	0.5052173137664795	2	0	0.5263158082962036
49	kɑulimeːn	kɑulinːn	9	0.5011526942253113	2	0	0.5263158082962036
49	kɑulimeːn	kɑuli;n	10	0.484919011592865	3	0	0.5263158082962036
50	kɑulimelːe	kɑulinilːe	1	0.8495343923568726	2	0	0.5789473652839661
50	kɑulimelːe	kɑulinelːe	2	0.8458818793296814	1	0	0.5789473652839661
50	kɑulimelːe	kɑulinɑlːe	3	0.8281074166297913	2	0	0.5789473652839661
50	kɑulimelːe	kɑulinlːe	4	0.7766109108924866	2	0	0.5789473652839661
50	kɑulimelːe	kɑulinulːe	5	0.7560768723487854	2	0	0.5789473652839661
50	kɑulimelːe	kɑulin	6	0.7339766025543213	5	0	0.5789473652839661
50	kɑulimelːe	kɑulinːe	7	0.6990432143211365	3	0	0.5789473652839661
50	kɑulimelːe	kɑuliɲːe	8	0.6919867992401123	3	0	0.5789473652839661
50	kɑulimelːe	kɑulinɛlːe	9	0.6812059283256531	2	0	0.5789473652839661
50	kɑulimelːe	kɑulisːe	10	0.6623522043228149	3	0	0.5789473652839661
51	kɑulimen	kɑulin	1	0.9716533422470093	2	0	0.6000000238418579
51	kɑulimen	kɑulimen	2	0.5655255913734436	0	1	0.6000000238418579
51	kɑulimen	kɑulisen	3	0.563887894153595	1	0	0.6000000238418579
51	kɑulimen	kɑuliɲn	4	0.5313788056373596	2	0	0.6000000238418579
51	kɑulimen	kɑuliʋen	5	0.5025975108146667	1	0	0.6000000238418579
51	kɑulimen	kɑuliːn	6	0.491894006729126	2	0	0.6000000238418579
51	kɑulimen	kɑuliden	7	0.4868848919868469	1	0	0.6000000238418579
51	kɑulimen	kɑulisːɑ	8	0.48324698209762573	3	0	0.6000000238418579
51	kɑulimen	kɑulion	9	0.4788217842578888	2	0	0.6000000238418579
51	kɑulimen	kɑulinan	10	0.47113457322120667	2	0	0.6000000238418579
52	kɑulimesːɑ	kɑulin	1	0.8609334826469421	5	0	0.375
52	kɑulimesːɑ	kɑulinisːɑ	2	0.8469586372375488	2	0	0.375
52	kɑulimesːɑ	kɑulinɑsːɑ	3	0.8267773389816284	2	0	0.375
52	kɑulimesːɑ	kɑulinesːɑ	4	0.8115397095680237	1	0	0.375
52	kɑulimesːɑ	kɑulinusːɑ	5	0.706499457359314	2	0	0.375
52	kɑulimesːɑ	kɑulisːɑ	6	0.6920527815818787	2	0	0.375
52	kɑulimesːɑ	kɑulimesːɑ	7	0.6585966944694519	0	1	0.375
52	kɑulimesːɑ	kɑulinsːɑ	8	0.6553442478179932	2	0	0.375
52	kɑulimesːɑ	kɑulinɛsːɑ	9	0.6479925513267517	2	0	0.375
52	kɑulimesːɑ	kɑulinːɑ	10	0.6478676199913025	3	0	0.375
53	kɑulimestɑ	kɑulinistɑ	1	0.8894447684288025	2	0	0.529411792755127
53	kɑulimestɑ	kɑulinestɑ	2	0.8555939793586731	1	0	0.529411792755127
53	kɑulimestɑ	kɑulinɑstɑ	3	0.8543263673782349	2	0	0.529411792755127
53	kɑulimestɑ	kɑulistɑ	4	0.7203959822654724	2	0	0.529411792755127
53	kɑulimestɑ	kɑulinustɑ	5	0.7043085098266602	2	0	0.529411792755127
53	kɑulimestɑ	kɑulinstɑ	6	0.7022773027420044	2	0	0.529411792755127
53	kɑulimestɑ	kɑulintɑ	7	0.7003207802772522	3	0	0.529411792755127
53	kɑulimestɑ	kɑulimestɑ	8	0.6533889174461365	0	1	0.529411792755127
53	kɑulimestɑ	kɑulinːɑ	9	0.6267830729484558	4	0	0.529411792755127
53	kɑulimestɑ	kɑulinɛstɑ	10	0.6163211464881897	2	0	0.529411792755127
54	kɑulintɑ	kɑulintɑ	1	0.9683684706687927	0	1	0.949999988079071
54	kɑulintɑ	kɑulinɑ	2	0.6476640105247498	1	0	0.949999988079071
54	kɑulintɑ	kɑuliniɑ	3	0.6054362058639526	1	0	0.949999988079071
54	kɑulintɑ	kɑuliɲtɑ	4	0.6020746827125549	1	0	0.949999988079071
54	kɑulintɑ	kɑulistɑ	5	0.5684571862220764	1	0	0.949999988079071
54	kɑulintɑ	kɑulinɛɑ	6	0.5578711628913879	1	0	0.949999988079071
54	kɑulintɑ	kɑuliːntɑ	7	0.553106427192688	1	0	0.949999988079071
54	kɑulintɑ	kɑulinuɑ	8	0.5443865656852722	1	0	0.949999988079071
54	kɑulintɑ	kɑulintːɑ	9	0.5363492965698242	1	0	0.949999988079071
54	kɑulintɑ	kɑulintɑstɑ	10	0.5303122401237488	3	0	0.949999988079071
55	kilpeæ	kilpiæ	1	0.9677121043205261	1	0	0.529411792755127
55	kilpeæ	kilpiɑ	2	0.6139882802963257	2	0	0.529411792755127
55	kilpeæ	kilpeæ	3	0.5874511003494263	0	1	0.529411792755127
55	kilpeæ	kilptæ	4	0.5598838925361633	1	0	0.529411792755127
55	kilpeæ	kilpːæ	5	0.4852182865142822	1	0	0.529411792755127
55	kilpeæ	kilpjæ	6	0.47650620341300964	1	0	0.529411792755127
55	kilpeæ	kilp;iæ	7	0.474224716424942	2	0	0.529411792755127
55	kilpeæ	kilpæː	8	0.4557269513607025	2	0	0.529411792755127
55	kilpeæ	kilpiæk	9	0.44243180751800537	2	0	0.529411792755127
55	kilpeæ	kilpiæztæ	10	0.4414832293987274	4	0	0.529411792755127
56	kilpeːn	kilpiːn	1	0.9694424271583557	1	0	0.6153846383094788
56	kilpeːn	kilpeːn	2	0.6811475157737732	0	1	0.6153846383094788
56	kilpeːn	kilpːiːn	3	0.5703750848770142	2	0	0.6153846383094788
56	kilpeːn	kilpiːseːn	4	0.5616472363471985	3	0	0.6153846383094788
56	kilpeːn	kilptːn	5	0.5432329177856445	1	0	0.6153846383094788
56	kilpeːn	kilpteːn	6	0.5429224371910095	1	0	0.6153846383094788
56	kilpeːn	kilp;iːn	7	0.5282801389694214	2	0	0.6153846383094788
56	kilpeːn	kilpjːn	8	0.5243090391159058	1	0	0.6153846383094788
56	kilpeːn	kilpiːneːn	9	0.5187963843345642	3	0	0.6153846383094788
56	kilpeːn	kilpiːniːn	10	0.5113447904586792	4	0	0.6153846383094788
57	kilʋelːe	kilpilːe	1	0.9735768437385559	2	0	0.47058823704719543
57	kilʋelːe	kilpelːe	2	0.6673759818077087	1	0	0.47058823704719543
57	kilʋelːe	kilbilːe	3	0.5708088278770447	2	0	0.47058823704719543
57	kilʋelːe	kilʋilːe	4	0.5432531833648682	1	0	0.47058823704719543
57	kilʋelːe	kilpilːelːe	5	0.538623034954071	4	0	0.47058823704719543
57	kilʋelːe	kilʋelːe	6	0.5377397537231445	0	1	0.47058823704719543
57	kilʋelːe	kilpilːesːe	7	0.5328366756439209	5	0	0.47058823704719543
57	kilʋelːe	kilpːilːe	8	0.5309846997261047	3	0	0.47058823704719543
57	kilʋelːe	kilːilːe	9	0.5132293105125427	2	0	0.47058823704719543
57	kilʋelːe	kilpisːe	10	0.5056420564651489	3	0	0.47058823704719543
58	kilʋen	kilpin	1	0.9713169932365417	2	0	0.9444444179534912
58	kilʋen	kilpen	2	0.5802804231643677	1	0	0.9444444179534912
58	kilʋen	kilbin	3	0.5015693306922913	2	0	0.9444444179534912
58	kilʋen	kilpːin	4	0.4829520881175995	3	0	0.9444444179534912
58	kilʋen	kilʋen	5	0.48042988777160645	0	1	0.9444444179534912
58	kilʋen	kilpisːæ	6	0.4739673137664795	5	0	0.9444444179534912
58	kilʋen	kilʋin	7	0.4716775119304657	1	0	0.9444444179534912
58	kilʋen	kilpiːn	8	0.4606575071811676	3	0	0.9444444179534912
58	kilʋen	kilpinan	9	0.4506267011165619	4	0	0.9444444179534912
58	kilʋen	kilpjn	10	0.4496113061904907	2	0	0.9444444179534912
59	kilʋesːæ	kilpisːæ	1	0.9527115225791931	2	0	0.7894737124443054
59	kilʋesːæ	kilpisːɑ	2	0.7897219657897949	3	0	0.7894737124443054
59	kilʋesːæ	kilpesːæ	3	0.6924067139625549	1	0	0.7894737124443054
59	kilʋesːæ	kilbisːæ	4	0.6167240142822266	2	0	0.7894737124443054
59	kilʋesːæ	kilʋesːæ	5	0.6163795590400696	0	1	0.7894737124443054
59	kilʋesːæ	kilʋisːæ	6	0.6073214411735535	1	0	0.7894737124443054
59	kilʋesːæ	kilpesːɑ	7	0.5744262337684631	2	0	0.7894737124443054
59	kilʋesːæ	kilpːisːæ	8	0.5575075745582581	3	0	0.7894737124443054
59	kilʋesːæ	kilːisːæ	9	0.5394006967544556	2	0	0.7894737124443054
59	kilʋesːæ	kilpisːæsːæ	10	0.5249508619308472	5	0	0.7894737124443054
60	kilʋestæ	kilpistæ	1	0.9612610936164856	2	0	0.5333333611488342
60	kilʋestæ	kilpistɑ	2	0.7330366373062134	3	0	0.5333333611488342
60	kilʋestæ	kilpestæ	3	0.701955258846283	1	0	0.5333333611488342
60	kilʋestæ	kilbistæ	4	0.5962178707122803	2	0	0.5333333611488342
60	kilʋestæ	kilʋestæ	5	0.5804611444473267	0	1	0.5333333611488342
60	kilʋestæ	kilʋistæ	6	0.5801648497581482	1	0	0.5333333611488342
60	kilʋestæ	kilpːistæ	7	0.5560157895088196	3	0	0.5333333611488342
60	kilʋestæ	kilpestɑ	8	0.5387045741081238	2	0	0.5333333611488342
60	kilʋestæ	kilpistæstæ	9	0.5337609052658081	5	0	0.5333333611488342
60	kilʋestæ	kilpisːæ	10	0.5224798917770386	3	0	0.5333333611488342
61	kirjɑː	kirjɑː	1	0.9773982167243958	0	1	1.0
61	kirjɑː	kirjːɑː	2	0.4788159430027008	1	0	1.0
61	kirjɑː	kirjɑːstɑ	3	0.4770106077194214	3	0	1.0
61	kirjɑː	kirjɑːtɑ	4	0.4665639400482178	2	0	1.0
61	kirjɑː	kir;jɑː	5	0.45759740471839905	1	0	1.0
61	kirjɑː	kjirjɑː	6	0.4541119933128357	1	0	1.0
61	kirjɑː	kirjɑːztɑ	7	0.44961464405059814	3	0	1.0
61	kirjɑː	kirjɑːgɑ	8	0.4417257308959961	2	0	1.0
61	kirjɑː	kirtɑː	9	0.4360145926475525	1	0	1.0
61	kirjɑː	kirjɑːn	10	0.42757734656333923	1	0	1.0
62	kirjɑːn	kirjɑːn	1	0.9773726463317871	0	1	0.7368420958518982
62	kirjɑːn	kirjɑːseːn	2	0.5697183609008789	3	0	0.7368420958518982
62	kirjɑːn	kirjːɑːn	3	0.5504110455513	1	0	0.7368420958518982
62	kirjɑːn	kirjɑːneːn	4	0.5204802751541138	3	0	0.7368420958518982
62	kirjɑːn	kirjɑːniːn	5	0.5146297216415405	3	0	0.7368420958518982
62	kirjɑːn	kirjɑːnɑːn	6	0.5026503801345825	3	0	0.7368420958518982
62	kirjɑːn	kirj;ɑːn	7	0.499807745218277	1	0	0.7368420958518982
62	kirjɑːn	kir;jɑːn	8	0.4988064169883728	1	0	0.7368420958518982
62	kirjɑːn	kirjɑːnaːn	9	0.496799111366272	3	0	0.7368420958518982
62	kirjɑːn	kirtɑːn	10	0.4874953329563141	1	0	0.7368420958518982
63	kirjɑlːe	kirjɑlːe	1	0.9769856333732605	0	1	0.9375
63	kirjɑlːe	kirjːɑlːe	2	0.5523248910903931	1	0	0.9375
63	kirjɑlːe	kirjɑlːelːe	3	0.5395728349685669	3	0	0.9375
63	kirjɑlːe	kirjɑlːesːe	4	0.5351387858390808	3	0	0.9375
63	kirjɑlːe	kiriɑlːe	5	0.5287214517593384	1	0	0.9375
63	kirjɑlːe	kirtɑlːe	6	0.5096484422683716	1	0	0.9375
63	kirjɑlːe	kirjɑsːe	7	0.5093408226966858	1	0	0.9375
63	kirjɑlːe	kirjɑlːeːe	8	0.5074983835220337	2	0	0.9375
63	kirjɑlːe	kirjɑlː;e	9	0.5059763193130493	1	0	0.9375
63	kirjɑlːe	kirːɑlːe	10	0.49677878618240356	1	0	0.9375
64	kirjɑn	kirjɑn	1	0.975773811340332	0	1	0.9047619104385376
64	kirjɑn	kirjɑːn	2	0.4945436716079712	1	0	0.9047619104385376
64	kirjɑn	kirjɑsːɑ	3	0.4935859143733978	3	0	0.9047619104385376
64	kirjɑn	kirjːɑn	4	0.4771687090396881	1	0	0.9047619104385376
64	kirjɑn	kirjɑnan	5	0.44926396012306213	2	0	0.9047619104385376
64	kirjɑn	kiriɑn	6	0.44829484820365906	1	0	0.9047619104385376
64	kirjɑn	kirjɑnen	7	0.44685041904449463	2	0	0.9047619104385376
64	kirjɑn	kirjɑnɨn	8	0.4440345764160156	2	0	0.9047619104385376
64	kirjɑn	kirjɑnin	9	0.4437098205089569	2	0	0.9047619104385376
64	kirjɑn	kirjɑnɑn	10	0.44200482964515686	2	0	0.9047619104385376
65	kirjɑsːɑ	kirjɑsːɑ	1	0.9769145846366882	0	1	0.8888888955116272
65	kirjɑsːɑ	kirjɑsːæ	2	0.5691897869110107	1	0	0.8888888955116272
65	kirjɑsːɑ	kirjɑsesːɑ	3	0.5554758906364441	2	0	0.8888888955116272
65	kirjɑsːɑ	kirjːɑsːɑ	4	0.5489489436149597	1	0	0.8888888955116272
65	kirjɑsːɑ	kirjɑsːɑsːɑ	5	0.5407840609550476	3	0	0.8888888955116272
65	kirjɑsːɑ	kiriɑsːɑ	6	0.5341590642929077	1	0	0.8888888955116272
65	kirjɑsːɑ	kirjɑsːɑzːɑ	7	0.5339956283569336	3	0	0.8888888955116272
65	kirjɑsːɑ	kirjɑstɑ	8	0.5183514952659607	1	0	0.8888888955116272
65	kirjɑsːɑ	kirtɑsːɑ	9	0.5141862630844116	1	0	0.8888888955116272
65	kirjɑsːɑ	kirjɑsːɑːɑ	10	0.5091317296028137	2	0	0.8888888955116272
66	kirjɑstɑ	kirjɑstɑ	1	0.9754524230957031	0	1	1.0
66	kirjɑstɑ	kirjɑstæ	2	0.5863602161407471	1	0	1.0
66	kirjɑstɑ	kirjɑsestɑ	3	0.5839419364929199	2	0	1.0
66	kirjɑstɑ	kirjɑstɑstɑ	4	0.5437548756599426	3	0	1.0
66	kirjɑstɑ	kirjːɑstɑ	5	0.5419996976852417	1	0	1.0
66	kirjɑstɑ	kirjɑsːɑ	6	0.5341717600822449	1	0	1.0
66	kirjɑstɑ	kirjɑkstɑ	7	0.5322670936584473	1	0	1.0
66	kirjɑstɑ	kiriɑstɑ	8	0.5305209755897522	1	0	1.0
66	kirjɑstɑ	kirjɑːtɑ	9	0.5225927233695984	1	0	1.0
66	kirjɑstɑ	kirtɑstɑ	10	0.5161374807357788	1	0	1.0
67	kiuɑstɑ	kiuɑstɑ	1	0.912372887134552	0	1	0.9411764740943909
67	kiuɑstɑ	kiuɑtːɑ	2	0.8138453364372253	2	0	0.9411764740943909
67	kiuɑstɑ	kiuɑːtɑ	3	0.7723708748817444	1	0	0.9411764740943909
67	kiuɑstɑ	kiuɑkstɑ	4	0.714198887348175	1	0	0.9411764740943909
67	kiuɑstɑ	kiuɑɕtɑ	5	0.5823426842689514	1	0	0.9411764740943909
67	kiuɑstɑ	kiuɑdːɑ	6	0.5315091013908386	2	0	0.9411764740943909
67	kiuɑstɑ	kiuɑdeɑ	7	0.5298700332641602	2	0	0.9411764740943909
67	kiuɑstɑ	kiuɑztɑ	8	0.5155540704727173	1	0	0.9411764740943909
67	kiuɑstɑ	kiuɑ;tɑ	9	0.4997038245201111	1	0	0.9411764740943909
67	kiuɑstɑ	kiuɑstæ	10	0.4964001178741455	1	0	0.9411764740943909
68	kiukɑːlːe	kiuɑːlːe	1	0.8777898550033569	1	0	0.4444444477558136
68	kiukɑːlːe	kiuɑksːe	2	0.801798403263092	3	0	0.4444444477558136
68	kiukɑːlːe	kiuɑdelːe	3	0.7949536442756653	3	0	0.4444444477558136
68	kiukɑːlːe	kiuɑsːe	4	0.7919157147407532	3	0	0.4444444477558136
68	kiukɑːlːe	kiuɑkse	5	0.7650486826896667	4	0	0.4444444477558136
68	kiukɑːlːe	kiuɑlːe	6	0.6499642729759216	2	0	0.4444444477558136
68	kiukɑːlːe	kiuɑɕːe	7	0.620288074016571	3	0	0.4444444477558136
68	kiukɑːlːe	kiuɑtelːe	8	0.6095017194747925	3	0	0.4444444477558136
68	kiukɑːlːe	kiuɑelːe	9	0.6077445149421692	2	0	0.4444444477558136
68	kiukɑːlːe	kiuɑtsːe	10	0.580361545085907	3	0	0.4444444477558136
69	kiukɑːn	kiuɑksen	1	0.8801038861274719	3	0	0.3888888955116272
69	kiukɑːn	kiuɑːn	2	0.8375167846679688	1	0	0.3888888955116272
69	kiukɑːn	kiuɑsen	3	0.7732020020484924	3	0	0.3888888955116272
69	kiukɑːn	kiuɑden	4	0.773196280002594	3	0	0.3888888955116272
69	kiukɑːn	kiuɑtsen	5	0.5726435780525208	4	0	0.3888888955116272
69	kiukɑːn	kiuɑten	6	0.543730616569519	3	0	0.3888888955116272
69	kiukɑːn	kiuɑɕn	7	0.5396912693977356	2	0	0.3888888955116272
69	kiukɑːn	kiuɑgsen	8	0.536998987197876	4	0	0.3888888955116272
69	kiukɑːn	kiuɑn	9	0.536262035369873	2	0	0.3888888955116272
69	kiukɑːn	kiuɑkseːn	10	0.5253757834434509	3	0	0.3888888955116272
70	kiukɑːseːn	kiuɑseːn	1	0.8575626015663147	2	0	0.6875
70	kiukɑːseːn	kiuɑːn	2	0.8424370884895325	4	0	0.6875
70	kiukɑːseːn	kiuɑkseːn	3	0.788082480430603	2	0	0.6875
70	kiukɑːseːn	kiuɑsːn	4	0.7513003349304199	3	0	0.6875
70	kiukɑːseːn	kiuɑːseːn	5	0.6853246092796326	1	0	0.6875
70	kiukɑːseːn	kiuɑtseːn	6	0.6735860109329224	2	0	0.6875
70	kiukɑːseːn	kiuɑtːn	7	0.6576712727546692	4	0	0.6875
70	kiukɑːseːn	kiuɑteːn	8	0.654228687286377	3	0	0.6875
70	kiukɑːseːn	kiuɑdeːn	9	0.6377875208854675	3	0	0.6875
70	kiukɑːseːn	kiuɑksːn	10	0.5771235823631287	3	0	0.6875
71	kiukɑːsːɑ	kiuɑsːɑ	1	0.8752891421318054	2	0	0.6666666865348816
71	kiukɑːsːɑ	kiuɑːsːɑ	2	0.8531098961830139	1	0	0.6666666865348816
71	kiukɑːsːɑ	kiuɑksːɑ	3	0.8069620728492737	2	0	0.6666666865348816
71	kiukɑːsːɑ	kiuɑdesːɑ	4	0.7818643450737	3	0	0.6666666865348816
71	kiukɑːsːɑ	kiuɑksesːɑ	5	0.7361325621604919	3	0	0.6666666865348816
71	kiukɑːsːɑ	kiuɑtsːɑ	6	0.6461763978004456	2	0	0.6666666865348816
71	kiukɑːsːɑ	kiuɑsesːɑ	7	0.6111745834350586	3	0	0.6666666865348816
71	kiukɑːsːɑ	kiuɑesːɑ	8	0.5897462368011475	2	0	0.6666666865348816
71	kiukɑːsːɑ	kiuɑgsːɑ	9	0.5647200345993042	2	0	0.6666666865348816
71	kiukɑːsːɑ	kiuɑɕːɑ	10	0.5593602061271667	3	0	0.6666666865348816
72	kiukɑːstɑ	kiuɑstɑ	1	0.9141261577606201	2	0	0.5555555820465088
72	kiukɑːstɑ	kiuɑkstɑ	2	0.8065741062164307	2	0	0.5555555820465088
72	kiukɑːstɑ	kiuɑːstɑ	3	0.8045663237571716	1	0	0.5555555820465088
72	kiukɑːstɑ	kiuɑdestɑ	4	0.7554551959037781	3	0	0.5555555820465088
72	kiukɑːstɑ	kiuɑtstɑ	5	0.6644307374954224	2	0	0.5555555820465088
72	kiukɑːstɑ	kiuɑestɑ	6	0.5737842917442322	2	0	0.5555555820465088
72	kiukɑːstɑ	kiuɑgstɑ	7	0.5595541596412659	2	0	0.5555555820465088
72	kiukɑːstɑ	kiuɑɕtɑ	8	0.5478871464729309	3	0	0.5555555820465088
72	kiukɑːstɑ	kiuːɑstɑ	9	0.538378119468689	2	0	0.5555555820465088
72	kiukɑːstɑ	kiuɑztɑ	10	0.5058501958847046	3	0	0.5555555820465088
73	koneːlːe	konelːe	1	0.9720084071159363	1	0	0.8947368264198303
73	koneːlːe	koneːlːe	2	0.7238222360610962	0	1	0.8947368264198303
73	koneːlːe	kontelːe	3	0.5628505945205688	2	0	0.8947368264198303
73	koneːlːe	kondelːe	4	0.5613782405853271	2	0	0.8947368264198303
73	koneːlːe	koselːe	5	0.5440279841423035	2	0	0.8947368264198303
73	koneːlːe	koneklːe	6	0.5401386022567749	1	0	0.8947368264198303
73	koneːlːe	konesːe	7	0.5345175266265869	2	0	0.8947368264198303
73	koneːlːe	konːelːe	8	0.5281739234924316	2	0	0.8947368264198303
73	koneːlːe	konːlːe	9	0.5212957262992859	1	0	0.8947368264198303
73	koneːlːe	konelːelːe	10	0.513978123664856	2	0	0.8947368264198303
74	koneːn	koneːn	1	0.8972933888435364	0	1	0.8666666746139526
74	koneːn	konen	2	0.8783079981803894	1	0	0.8666666746139526
74	koneːn	konesːɑ	3	0.5078542232513428	2	0	0.8666666746139526
74	koneːn	koneːsːɑ	4	0.4965548813343048	3	0	0.8666666746139526
74	koneːn	konesːn	5	0.48646193742752075	1	0	0.8666666746139526
74	koneːn	konelːn	6	0.48616522550582886	1	0	0.8666666746139526
74	koneːn	konteːn	7	0.48127761483192444	1	0	0.8666666746139526
74	koneːn	konekn	8	0.4725203514099121	1	0	0.8666666746139526
74	koneːn	konten	9	0.4720042943954468	2	0	0.8666666746139526
74	koneːn	konden	10	0.4710073173046112	2	0	0.8666666746139526
75	koneːseːn	koneːn	1	0.9735741019248962	3	0	0.7777777910232544
75	koneːseːn	koneːseːn	2	0.678585410118103	0	1	0.7777777910232544
75	koneːseːn	konteːn	3	0.5598318576812744	3	0	0.7777777910232544
75	koneːseːn	kon;eːn	4	0.547767698764801	3	0	0.7777777910232544
75	koneːseːn	kontːn	5	0.5251602530479431	4	0	0.7777777910232544
75	koneːseːn	konetːn	6	0.5192927718162537	3	0	0.7777777910232544
75	koneːseːn	koneːːn	7	0.5189107656478882	2	0	0.7777777910232544
75	koneːseːn	konːeːn	8	0.5151745676994324	2	0	0.7777777910232544
75	koneːseːn	koneːsːn	9	0.5017624497413635	1	0	0.7777777910232544
75	koneːseːn	koneːneːn	10	0.49743837118148804	1	0	0.7777777910232544
76	koneːsːɑ	koneːsːɑ	1	0.9079671502113342	0	1	0.8823529481887817
76	koneːsːɑ	konesːɑ	2	0.8956913948059082	1	0	0.8823529481887817
76	koneːsːɑ	koneksːɑ	3	0.6378200054168701	1	0	0.8823529481887817
76	koneːsːɑ	konetːɑ	4	0.5912990570068359	2	0	0.8823529481887817
76	koneːsːɑ	koneːsesːɑ	5	0.5867230296134949	2	0	0.8823529481887817
76	koneːsːɑ	koneːsːæ	6	0.5814828276634216	1	0	0.8823529481887817
76	koneːsːɑ	konːsːɑ	7	0.558807909488678	1	0	0.8823529481887817
76	koneːsːɑ	kondesːɑ	8	0.5538381934165955	2	0	0.8823529481887817
76	koneːsːɑ	konesːæ	9	0.5474809408187866	2	0	0.8823529481887817
76	koneːsːɑ	konelːɑ	10	0.5393725037574768	2	0	0.8823529481887817
77	koneːstɑ	konestɑ	1	0.9301556348800659	1	0	1.0
77	koneːstɑ	koneːstɑ	2	0.8482351303100586	0	1	1.0
77	koneːstɑ	konetːɑ	3	0.6742421388626099	3	0	1.0
77	koneːstɑ	konekstɑ	4	0.6588422656059265	1	0	1.0
77	koneːstɑ	konestæ	5	0.5911927819252014	2	0	1.0
77	koneːstɑ	konedestɑ	6	0.5828790068626404	2	0	1.0
77	koneːstɑ	koneːstæ	7	0.5717241764068604	1	0	1.0
77	koneːstɑ	kondestɑ	8	0.5581775903701782	2	0	1.0
77	koneːstɑ	kosestɑ	9	0.543745219707489	2	0	1.0
77	koneːstɑ	konːstɑ	10	0.5364090800285339	1	0	1.0
78	konetːɑ	konetːɑ	1	0.9686997532844543	0	1	0.7058823704719543
78	konetːɑ	koneːtːɑ	2	0.642055094242096	1	0	0.7058823704719543
78	konetːɑ	kontːɑ	3	0.6156509518623352	1	0	0.7058823704719543
78	konetːɑ	konetːæ	4	0.6082791090011597	1	0	0.7058823704719543
78	konetːɑ	koneːtɑ	5	0.5856171250343323	2	0	0.7058823704719543
78	konetːɑ	kon;etːɑ	6	0.564368486404419	1	0	0.7058823704719543
78	konetːɑ	koneɑ	7	0.5366834998130798	2	0	0.7058823704719543
78	konetːɑ	konːtːɑ	8	0.5148844718933105	1	0	0.7058823704719543
78	konetːɑ	kosetːɑ	9	0.5037601590156555	1	0	0.7058823704719543
78	konetːɑ	konestɑ	10	0.5016637444496155	2	0	0.7058823704719543
79	kuːseːn	kuːseːn	1	0.9168900847434998	0	1	0.6666666865348816
79	kuːseːn	kuːsiːn	2	0.8732080459594727	1	0	0.6666666865348816
79	kuːseːn	kuːsteːn	3	0.6492968201637268	1	0	0.6666666865348816
79	kuːseːn	kuːseːseːn	4	0.561973512172699	3	0	0.6666666865348816
79	kuːseːn	kuːsːn	5	0.5546591877937317	1	0	0.6666666865348816
79	kuːseːn	kuːstːn	6	0.5452297925949097	1	0	0.6666666865348816
79	kuːseːn	kuːkseːn	7	0.5249102711677551	1	0	0.6666666865348816
79	kuːseːn	kuːsiːseːn	8	0.5235269665718079	3	0	0.6666666865348816
79	kuːseːn	kuhseːn	9	0.5216495990753174	1	0	0.6666666865348816
79	kuːseːn	kutseːn	10	0.5204514265060425	1	0	0.6666666865348816
80	kuːselːe	kuːselːe	1	0.90936279296875	0	1	0.75
80	kuːselːe	kuːsilːe	2	0.9076909422874451	1	0	0.75
80	kuːselːe	kuːdelːe	3	0.5757494568824768	1	0	0.75
80	kuːselːe	kuːkselːe	4	0.5644920468330383	1	0	0.75
80	kuːselːe	kuːksilːe	5	0.5501394271850586	2	0	0.75
80	kuːselːe	kuːsːe	6	0.521866500377655	2	0	0.75
80	kuːselːe	kuːːselːe	7	0.5181276798248291	1	0	0.75
80	kuːselːe	kuːselːelːe	8	0.5084292888641357	3	0	0.75
80	kuːselːe	kuːsilːelːe	9	0.5078848600387573	3	0	0.75
80	kuːselːe	kuːste	10	0.49931153655052185	3	0	0.75
81	kuːsen	kuːsin	1	0.9002794623374939	1	0	0.8235294222831726
81	kuːsen	kuːsen	2	0.8800120949745178	0	1	0.8235294222831726
81	kuːsen	kuːksen	3	0.5183780789375305	1	0	0.8235294222831726
81	kuːsen	kuːstɑn	4	0.5114993453025818	2	0	0.8235294222831726
81	kuːsen	kuːden	5	0.4983382225036621	1	0	0.8235294222831726
81	kuːsen	kuːsːn	6	0.49534791707992554	1	0	0.8235294222831726
81	kuːsen	kuːːsen	7	0.48495346307754517	1	0	0.8235294222831726
81	kuːsen	kuːtsen	8	0.48338761925697327	1	0	0.8235294222831726
81	kuːsen	kuːksin	9	0.4825216829776764	2	0	0.8235294222831726
81	kuːsen	kuːsjn	10	0.4472254514694214	1	0	0.8235294222831726
82	kuːsesːɑ	kuːsesːɑ	1	0.9220706224441528	0	1	0.75
82	kuːsesːɑ	kuːsisːɑ	2	0.8905232548713684	1	0	0.75
82	kuːsesːɑ	kuːdesːɑ	3	0.5997334122657776	1	0	0.75
82	kuːsesːɑ	kuːsesːæ	4	0.5900096893310547	1	0	0.75
82	kuːsesːɑ	kuːksesːɑ	5	0.5874226689338684	1	0	0.75
82	kuːsesːɑ	kuːsisːæ	6	0.5691074132919312	2	0	0.75
82	kuːsesːɑ	kuːːsesːɑ	7	0.5686407685279846	1	0	0.75
82	kuːsesːɑ	kuːtsesːɑ	8	0.5526279211044312	1	0	0.75
82	kuːsesːɑ	kuːsːɑ	9	0.5257092118263245	2	0	0.75
82	kuːsesːɑ	kuːsesːɑsːɑ	10	0.5156804919242859	3	0	0.75
83	kuːsestɑ	kuːsestɑ	1	0.9163206219673157	0	1	0.8999999761581421
83	kuːsestɑ	kuːsistɑ	2	0.8947328925132751	1	0	0.8999999761581421
83	kuːsestɑ	kuːsestæ	3	0.6003962755203247	1	0	0.8999999761581421
83	kuːsestɑ	kuːksestɑ	4	0.5891522169113159	1	0	0.8999999761581421
83	kuːsestɑ	kuːdestɑ	5	0.5872837901115417	1	0	0.8999999761581421
83	kuːsestɑ	kuːsistæ	6	0.5855230093002319	2	0	0.8999999761581421
83	kuːsestɑ	kuːsesestɑ	7	0.563297688961029	2	0	0.8999999761581421
83	kuːsestɑ	kuːsisestɑ	8	0.5437499284744263	2	0	0.8999999761581421
83	kuːsestɑ	kuːstɑ	9	0.5269494652748108	2	0	0.8999999761581421
83	kuːsestɑ	kuːsestɑstɑ	10	0.5159958600997925	3	0	0.8999999761581421
84	kuːstɑ	kuːsiɑ	1	0.9192742705345154	1	0	0.3529411852359772
84	kuːstɑ	kuːseɑ	2	0.8267613649368286	1	0	0.3529411852359772
84	kuːstɑ	kuːstɑ	3	0.6973809003829956	0	1	0.3529411852359772
84	kuːstɑ	kuːsːɑ	4	0.5522440075874329	1	0	0.3529411852359772
84	kuːstɑ	kuːsiæ	5	0.5160728096961975	2	0	0.3529411852359772
84	kuːstɑ	kuːtːɑ	6	0.4978964030742645	2	0	0.3529411852359772
84	kuːstɑ	kuːsjɑ	7	0.4749542772769928	1	0	0.3529411852359772
84	kuːstɑ	kuhsiɑ	8	0.45586490631103516	2	0	0.3529411852359772
84	kuːstɑ	kuːseæ	9	0.4489281475543976	2	0	0.3529411852359772
84	kuːstɑ	kuːsiɑztɑ	10	0.44833114743232727	3	0	0.3529411852359772
85	lɑpɑseːn	lɑpɑnen	1	0.9026049971580505	2	0	0.8125
85	lɑpɑseːn	lɑpɑneːn	2	0.8129249215126038	1	0	0.8125
85	lɑpɑseːn	lɑpɑsen	3	0.7807296514511108	1	0	0.8125
85	lɑpɑseːn	lɑpɑseːn	4	0.7428005337715149	0	1	0.8125
85	lɑpɑseːn	lɑpɑnesːn	5	0.6604985594749451	2	0	0.8125
85	lɑpɑseːn	lɑpɑneseːn	6	0.6473345160484314	2	0	0.8125
85	lɑpɑseːn	lɑpɑnemeːn	7	0.6194725632667542	3	0	0.8125
85	lɑpɑseːn	lɑpɑneːseːn	8	0.6097452640533447	3	0	0.8125
85	lɑpɑseːn	lɑpɑsesːn	9	0.5903257131576538	1	0	0.8125
85	lɑpɑseːn	lɑpɑseseːn	10	0.5798777937889099	2	0	0.8125
86	lɑpɑselːe	lɑpɑselːe	1	0.8868598937988281	0	1	1.0
86	lɑpɑselːe	lɑpɑnelːe	2	0.8782792091369629	1	0	1.0
86	lɑpɑselːe	lɑpɑnen	3	0.7758834958076477	4	0	1.0
86	lɑpɑselːe	lɑpɑnesːe	4	0.7183980941772461	2	0	1.0
86	lɑpɑselːe	lɑpɑneːlːe	5	0.7009071707725525	2	0	1.0
86	lɑpɑselːe	lɑpɑneːn	6	0.6770259737968445	3	0	1.0
86	lɑpɑselːe	lɑpɑnemelːe	7	0.6594897508621216	3	0	1.0
86	lɑpɑselːe	lɑpɑneklːe	8	0.6216435432434082	2	0	1.0
86	lɑpɑselːe	lɑpɑneɲːe	9	0.5984470844268799	2	0	1.0
86	lɑpɑselːe	lɑpɑseːlːe	10	0.5969768166542053	1	0	1.0
87	lɑpɑsen	lɑpɑnen	1	0.9356825947761536	1	0	1.0
87	lɑpɑsen	lɑpɑsen	2	0.8160803914070129	0	1	1.0
87	lɑpɑsen	lɑpɑneːn	3	0.6610532999038696	2	0	1.0
87	lɑpɑsen	lɑpɑnesen	4	0.6558278203010559	2	0	1.0
87	lɑpɑsen	lɑpɑnemen	5	0.5891513228416443	3	0	1.0
87	lɑpɑsen	lɑpɑnesːɑ	6	0.5821036696434021	4	0	1.0
87	lɑpɑsen	lɑpɑenen	7	0.5461552143096924	2	0	1.0
87	lɑpɑsen	lɑpɑnekn	8	0.528920590877533	2	0	1.0
87	lɑpɑsen	lɑpɑmen	9	0.5159711837768555	1	0	1.0
87	lɑpɑsen	lɑpɑɲen	10	0.5105185508728027	1	0	1.0
88	lɑpɑsesːɑ	lɑpɑsesːɑ	1	0.8411287665367126	0	1	0.9473684430122375
88	lɑpɑsesːɑ	lɑpɑnen	2	0.8393093347549438	4	0	0.9473684430122375
88	lɑpɑsesːɑ	lɑpɑnesːɑ	3	0.8097912669181824	1	0	0.9473684430122375
88	lɑpɑsesːɑ	lɑpɑsen	4	0.7774533629417419	3	0	0.9473684430122375
88	lɑpɑsesːɑ	lɑpɑneːn	5	0.724981963634491	3	0	0.9473684430122375
88	lɑpɑsesːɑ	lɑpɑseːn	6	0.7069219946861267	2	0	0.9473684430122375
88	lɑpɑsesːɑ	lɑpɑneːsːɑ	7	0.6602251529693604	2	0	0.9473684430122375
88	lɑpɑsesːɑ	lɑpɑseksːɑ	8	0.6484717130661011	1	0	0.9473684430122375
88	lɑpɑsesːɑ	lɑpɑneksːɑ	9	0.6431983709335327	2	0	0.9473684430122375
88	lɑpɑsesːɑ	lɑpɑselːɑ	10	0.6401716470718384	1	0	0.9473684430122375
89	lɑpɑsestɑ	lɑpɑsestɑ	1	0.8779554963111877	0	1	0.9444444179534912
89	lɑpɑsestɑ	lɑpɑnestɑ	2	0.842475950717926	1	0	0.9444444179534912
89	lɑpɑsestɑ	lɑpɑnenistɑ	3	0.807032585144043	3	0	0.9444444179534912
89	lɑpɑsestɑ	lɑpɑnenestɑ	4	0.7550671100616455	3	0	0.9444444179534912
89	lɑpɑsestɑ	lɑpɑnenɑstɑ	5	0.7201923131942749	3	0	0.9444444179534912
89	lɑpɑsestɑ	lɑpɑsenistɑ	6	0.7147640585899353	2	0	0.9444444179534912
89	lɑpɑsestɑ	lɑpɑnentɑ	7	0.686713695526123	2	0	0.9444444179534912
89	lɑpɑsestɑ	lɑpɑneːnistɑ	8	0.6849184036254883	4	0	0.9444444179534912
89	lɑpɑsestɑ	lɑpɑnenstɑ	9	0.6800791025161743	2	0	0.9444444179534912
89	lɑpɑsestɑ	lɑpɑneːn	10	0.6665312647819519	4	0	0.9444444179534912
90	lɑpɑstɑ	lɑpɑnentɑ	1	0.9474444389343262	3	0	0.8235294222831726
90	lɑpɑstɑ	lɑpɑsentɑ	2	0.8290655612945557	2	0	0.8235294222831726
90	lɑpɑstɑ	lɑpɑneːntɑ	3	0.6805055141448975	4	0	0.8235294222831726
90	lɑpɑstɑ	lɑpɑnestɑ	4	0.651021420955658	2	0	0.8235294222831726
90	lɑpɑstɑ	lɑpɑneːniɑ	5	0.6005656123161316	5	0	0.8235294222831726
90	lɑpɑstɑ	lɑpɑneniɑ	6	0.5956794023513794	4	0	0.8235294222831726
90	lɑpɑstɑ	lɑpɑnetːɑ	7	0.5949080586433411	3	0	0.8235294222831726
90	lɑpɑstɑ	lɑpɑseːntɑ	8	0.5875735878944397	3	0	0.8235294222831726
90	lɑpɑstɑ	lɑpɑmentɑ	9	0.5754017233848572	3	0	0.8235294222831726
90	lɑpɑstɑ	lɑpɑɲentɑ	10	0.5727532505989075	3	0	0.8235294222831726
91	lɑutɑseːn	lɑutɑseːn	1	0.8792790770530701	0	1	0.8500000238418579
91	lɑutɑseːn	lɑutɑneːn	2	0.8755298256874084	1	0	0.8500000238418579
91	lɑutɑseːn	lɑutɑnen	3	0.8254570960998535	2	0	0.8500000238418579
91	lɑutɑseːn	lɑutɑsen	4	0.699998140335083	1	0	0.8500000238418579
91	lɑutɑseːn	lɑutɑneseːn	5	0.6513193845748901	2	0	0.8500000238418579
91	lɑutɑseːn	lɑutɑneːseːn	6	0.6399299502372742	3	0	0.8500000238418579
91	lɑutɑseːn	lɑutɑnesːn	7	0.6383264064788818	2	0	0.8500000238418579
91	lɑutɑseːn	lɑutɑeneːn	8	0.6076231002807617	2	0	0.8500000238418579
91	lɑutɑseːn	lɑutɑseːseːn	9	0.6045624017715454	3	0	0.8500000238418579
91	lɑutɑseːn	lɑutɑseseːn	10	0.5869184732437134	2	0	0.8500000238418579
92	lɑutɑselːe	lɑutɑselːe	1	0.9196088314056396	0	1	0.9375
92	lɑutɑselːe	lɑutɑnelːe	2	0.9026751518249512	1	0	0.9375
92	lɑutɑselːe	lɑutɑneːlːe	3	0.6741265058517456	2	0	0.9375
92	lɑutɑselːe	lɑutɑlelːe	4	0.6324390769004822	1	0	0.9375
92	lɑutɑselːe	lɑutɑnesːe	5	0.6231071949005127	2	0	0.9375
92	lɑutɑselːe	lɑutɑːelːe	6	0.6217614412307739	1	0	0.9375
92	lɑutɑselːe	lɑutɑnen	7	0.6142816543579102	4	0	0.9375
92	lɑutɑselːe	lɑutɑkelːe	8	0.6117039918899536	1	0	0.9375
92	lɑutɑselːe	lɑutɑmelːe	9	0.6116462349891663	1	0	0.9375
92	lɑutɑselːe	lɑutɑneːn	10	0.5922243595123291	3	0	0.9375
93	lɑutɑsen	lɑutɑnen	1	0.9229061007499695	1	0	0.9473684430122375
93	lɑutɑsen	lɑutɑsen	2	0.8669812679290771	0	1	0.9473684430122375
93	lɑutɑsen	lɑutɑneːn	3	0.647201657295227	2	0	0.9473684430122375
93	lɑutɑsen	lɑutɑnesen	4	0.6431261301040649	2	0	0.9473684430122375
93	lɑutɑsen	lɑutɑenen	5	0.5856235027313232	2	0	0.9473684430122375
93	lɑutɑsen	lɑutɑnesːɑ	6	0.580227255821228	4	0	0.9473684430122375
93	lɑutɑsen	lɑutɑmen	7	0.5626731514930725	1	0	0.9473684430122375
93	lɑutɑsen	lɑutɑken	8	0.552206814289093	1	0	0.9473684430122375
93	lɑutɑsen	lɑutɑːen	9	0.5493536591529846	1	0	0.9473684430122375
93	lɑutɑsen	lɑutɑɲen	10	0.5448094010353088	1	0	0.9473684430122375
94	lɑutɑsesːɑ	lɑutɑsesːɑ	1	0.916584312915802	0	1	0.9333333373069763
94	lɑutɑsesːɑ	lɑutɑnesːɑ	2	0.836807906627655	1	0	0.9333333373069763
94	lɑutɑsesːɑ	lɑutɑneːn	3	0.752896249294281	3	0	0.9333333373069763
94	lɑutɑsesːɑ	lɑutɑnen	4	0.7467204332351685	4	0	0.9333333373069763
94	lɑutɑsesːɑ	lɑutɑseːn	5	0.7404842972755432	2	0	0.9333333373069763
94	lɑutɑsesːɑ	lɑutɑneːsːɑ	6	0.6895145177841187	2	0	0.9333333373069763
94	lɑutɑsesːɑ	lɑutɑseksːɑ	7	0.6826888918876648	1	0	0.9333333373069763
94	lɑutɑsesːɑ	lɑutɑsen	8	0.6647177338600159	3	0	0.9333333373069763
94	lɑutɑsesːɑ	lɑutɑselːɑ	9	0.6564069986343384	1	0	0.9333333373069763
94	lɑutɑsesːɑ	lɑutɑneksːɑ	10	0.6553847789764404	2	0	0.9333333373069763
95	lɑutɑsestɑ	lɑutɑsestɑ	1	0.9253193736076355	0	1	0.8421052694320679
95	lɑutɑsestɑ	lɑutɑnestɑ	2	0.860961377620697	1	0	0.8421052694320679
95	lɑutɑsestɑ	lɑutɑnen	3	0.717174768447876	4	0	0.8421052694320679
95	lɑutɑsestɑ	lɑutɑneːn	4	0.6891028881072998	4	0	0.8421052694320679
95	lɑutɑsestɑ	lɑutɑsekstɑ	5	0.676885187625885	1	0	0.8421052694320679
95	lɑutɑsestɑ	lɑutɑnekstɑ	6	0.6601583957672119	2	0	0.8421052694320679
95	lɑutɑsestɑ	lɑutɑnenistɑ	7	0.654327929019928	3	0	0.8421052694320679
95	lɑutɑsestɑ	lɑutɑstestɑ	8	0.6467462778091431	1	0	0.8421052694320679
95	lɑutɑsestɑ	lɑutɑseːn	9	0.6375097632408142	3	0	0.8421052694320679
95	lɑutɑsestɑ	lɑutɑneːstɑ	10	0.6320418119430542	2	0	0.8421052694320679
96	lɑutɑstɑ	lɑutɑnentɑ	1	0.9274097681045532	3	0	1.0
96	lɑutɑstɑ	lɑutɑsentɑ	2	0.8798331618309021	2	0	1.0
96	lɑutɑstɑ	lɑutɑneːntɑ	3	0.7063238620758057	4	0	1.0
96	lɑutɑstɑ	lɑutɑseːntɑ	4	0.6770319938659668	3	0	1.0
96	lɑutɑstɑ	lɑutɑnestɑ	5	0.6611533761024475	2	0	1.0
96	lɑutɑstɑ	lɑutɑsetɑ	6	0.6373798847198486	1	0	1.0
96	lɑutɑstɑ	lɑutɑnetːɑ	7	0.6268495321273804	3	0	1.0
96	lɑutɑstɑ	lɑutɑːentɑ	8	0.6256057620048523	3	0	1.0
96	lɑutɑstɑ	lɑutɑsestɑ	9	0.6234003305435181	2	0	1.0
96	lɑutɑstɑ	lɑutɑmentɑ	10	0.6141446232795715	3	0	1.0
97	mɑːlɑukseːn	mɑːlɑuseːn	1	0.8547626733779907	1	0	1.0
97	mɑːlɑukseːn	mɑːlɑukseːn	2	0.8450750112533569	0	1	1.0
97	mɑːlɑukseːn	mɑːlɑusːn	3	0.8353995084762573	2	0	1.0
97	mɑːlɑukseːn	mɑːlɑuːseːn	4	0.8148626089096069	1	0	1.0
97	mɑːlɑukseːn	mɑːlɑuːn	5	0.8130321502685547	3	0	1.0
97	mɑːlɑukseːn	mɑːlɑutseːn	6	0.720382034778595	1	0	1.0
97	mɑːlɑukseːn	mɑːlɑuksːn	7	0.6737710237503052	1	0	1.0
97	mɑːlɑukseːn	mɑːlɑudeːn	8	0.6731891632080078	2	0	1.0
97	mɑːlɑukseːn	mɑːlɑuːsːn	9	0.6618672609329224	2	0	1.0
97	mɑːlɑukseːn	mɑːlɑutːn	10	0.6353372931480408	3	0	1.0
98	mɑːlɑukselːe	mɑːlɑuːlːe	1	0.8620970845222473	3	0	0.7142857313156128
98	mɑːlɑukselːe	mɑːlɑukse	2	0.8580023646354675	3	0	0.7142857313156128
98	mɑːlɑukselːe	mɑːlɑusːe	3	0.8282375335693359	3	0	0.7142857313156128
98	mɑːlɑukselːe	mɑːlɑudelːe	4	0.80689537525177	2	0	0.7142857313156128
98	mɑːlɑukselːe	mɑːlɑuksːe	5	0.7892150282859802	2	0	0.7142857313156128
98	mɑːlɑukselːe	mɑːlɑulːe	6	0.7223117351531982	3	0	0.7142857313156128
98	mɑːlɑukselːe	mɑːlɑuɕːe	7	0.7086806297302246	4	0	0.7142857313156128
98	mɑːlɑukselːe	mɑːlɑukselːe	8	0.7034545540809631	0	1	0.7142857313156128
98	mɑːlɑukselːe	mɑːlɑuelːe	9	0.6681727170944214	2	0	0.7142857313156128
98	mɑːlɑukselːe	mɑːlɑutsːe	10	0.6597265601158142	3	0	0.7142857313156128
99	mɑːlɑuksen	mɑːlɑuksen	1	0.922275960445404	0	1	0.9444444179534912
99	mɑːlɑuksen	mɑːlɑusen	2	0.8127492666244507	1	0	0.9444444179534912
99	mɑːlɑuksen	mɑːlɑuːn	3	0.8092617988586426	3	0	0.9444444179534912
99	mɑːlɑuksen	mɑːlɑuden	4	0.7718716263771057	2	0	0.9444444179534912
99	mɑːlɑuksen	mɑːlɑuːsen	5	0.6796275973320007	1	0	0.9444444179534912
99	mɑːlɑuksen	mɑːlɑutsen	6	0.6514332294464111	1	0	0.9444444179534912
99	mɑːlɑuksen	mɑːlɑuzen	7	0.6409512758255005	2	0	0.9444444179534912
99	mɑːlɑuksen	mɑːlɑuɕn	8	0.6275539994239807	3	0	0.9444444179534912
99	mɑːlɑuksen	mɑːlɑukseːn	9	0.6233569979667664	1	0	0.9444444179534912
99	mɑːlɑuksen	mɑːlɑuen	10	0.5878231525421143	2	0	0.9444444179534912
100	mɑːlɑuksesːɑ	mɑːlɑusːɑ	1	0.8836351633071899	3	0	1.0
100	mɑːlɑuksesːɑ	mɑːlɑuksesːɑ	2	0.8701285123825073	0	1	1.0
100	mɑːlɑuksesːɑ	mɑːlɑuːsːɑ	3	0.8341051340103149	3	0	1.0
100	mɑːlɑuksesːɑ	mɑːlɑuksːɑ	4	0.8071662187576294	2	0	1.0
100	mɑːlɑuksesːɑ	mɑːlɑudesːɑ	5	0.7941277027130127	2	0	1.0
100	mɑːlɑuksesːɑ	mɑːlɑuːsesːɑ	6	0.7280716300010681	1	0	1.0
100	mɑːlɑuksesːɑ	mɑːlɑusesːɑ	7	0.706983208656311	1	0	1.0
100	mɑːlɑuksesːɑ	mɑːlɑuksesesːɑ	8	0.6912261843681335	2	0	1.0
100	mɑːlɑuksesːɑ	mɑːlɑutsːɑ	9	0.6865036487579346	3	0	1.0
100	mɑːlɑuksesːɑ	mɑːlɑuɕːɑ	10	0.6484509706497192	4	0	1.0
101	mɑːlɑuksestɑ	mɑːlɑustɑ	1	0.9300500750541687	3	0	0.8421052694320679
101	mɑːlɑuksestɑ	mɑːlɑukstɑ	2	0.8496100902557373	2	0	0.8421052694320679
101	mɑːlɑuksestɑ	mɑːlɑuːstɑ	3	0.7957755923271179	3	0	0.8421052694320679
101	mɑːlɑuksestɑ	mɑːlɑudestɑ	4	0.7627670764923096	2	0	0.8421052694320679
101	mɑːlɑuksestɑ	mɑːlɑutstɑ	5	0.6928281188011169	3	0	0.8421052694320679
101	mɑːlɑuksestɑ	mɑːlɑuksestɑ	6	0.674999475479126	0	1	0.8421052694320679
101	mɑːlɑuksestɑ	mɑːlɑuestɑ	7	0.626737117767334	2	0	0.8421052694320679
101	mɑːlɑuksestɑ	mɑːlɑuɕtɑ	8	0.6235869526863098	4	0	0.8421052694320679
101	mɑːlɑuksestɑ	mɑːlɑuztɑ	9	0.6151777505874634	4	0	0.8421052694320679
101	mɑːlɑuksestɑ	mɑːlɑugstɑ	10	0.607494056224823	3	0	0.8421052694320679
102	mɑːlɑustɑ	mɑːlɑustɑ	1	0.9460657835006714	0	1	1.0
102	mɑːlɑustɑ	mɑːlɑutːɑ	2	0.7878318428993225	2	0	1.0
102	mɑːlɑustɑ	mɑːlɑukstɑ	3	0.772404670715332	1	0	1.0
102	mɑːlɑustɑ	mɑːlɑuːstɑ	4	0.7521803379058838	1	0	1.0
102	mɑːlɑustɑ	mɑːlɑuɕtɑ	5	0.6412311792373657	1	0	1.0
102	mɑːlɑustɑ	mɑːlɑutstɑ	6	0.6363121271133423	1	0	1.0
102	mɑːlɑustɑ	mɑːlɑuztɑ	7	0.6175044775009155	1	0	1.0
102	mɑːlɑustɑ	mɑːlɑuɑː	8	0.5829375982284546	3	0	1.0
102	mɑːlɑustɑ	mɑːlɑudːɑ	9	0.5772961974143982	2	0	1.0
102	mɑːlɑustɑ	mɑːlɑuːtɑ	10	0.567596435546875	1	0	1.0
103	oʋeɑ	oʋeɑ	1	0.9058395624160767	0	1	0.625
103	oʋeɑ	oʋiɑ	2	0.7746732831001282	1	0	0.625
103	oʋeɑ	oʋtɑ	3	0.6075518131256104	1	0	0.625
103	oʋeɑ	oʋːɑ	4	0.5198497176170349	1	0	0.625
103	oʋeɑ	oʋetːɑ	5	0.47204554080963135	2	0	0.625
103	oʋeɑ	oʋeæ	6	0.45920342206954956	1	0	0.625
103	oʋeɑ	oʋɑ	7	0.45788586139678955	1	0	0.625
103	oʋeɑ	oʋːtɑ	8	0.42824962735176086	2	0	0.625
103	oʋeɑ	oʋ;tɑ	9	0.4243907928466797	2	0	0.625
103	oʋeɑ	oʋiæ	10	0.3988225758075714	2	0	0.625
104	oʋeːn	oʋeːn	1	0.9699267745018005	0	1	0.7777777910232544
104	oʋeːn	oʋiːn	2	0.6668285727500916	1	0	0.7777777910232544
104	oʋeːn	oʋteːn	3	0.5324406623840332	1	0	0.7777777910232544
104	oʋeːn	oʋeːseːn	4	0.5182991623878479	3	0	0.7777777910232544
104	oʋeːn	oʋːn	5	0.48394134640693665	1	0	0.7777777910232544
104	oʋeːn	oʋ;eːn	6	0.46078965067863464	1	0	0.7777777910232544
104	oʋeːn	oʋeːneːn	7	0.45681139826774597	3	0	0.7777777910232544
104	oʋeːn	oʋeːniːn	8	0.43820449709892273	3	0	0.7777777910232544
104	oʋeːn	oʋtːn	9	0.4257332682609558	1	0	0.7777777910232544
104	oʋeːn	oʋɑːn	10	0.41495877504348755	1	0	0.7777777910232544
105	oʋelːe	oʋelːe	1	0.9161475300788879	0	1	0.8500000238418579
105	oʋelːe	oʋilːe	2	0.8786848783493042	1	0	0.8500000238418579
105	oʋelːe	oʋːlːe	3	0.5527878403663635	1	0	0.8500000238418579
105	oʋelːe	oʋɑlːe	4	0.5233768224716187	1	0	0.8500000238418579
105	oʋelːe	oʋdilːe	5	0.5144784450531006	2	0	0.8500000238418579
105	oʋelːe	oʋlilːe	6	0.4981694519519806	2	0	0.8500000238418579
105	oʋelːe	oʋtelːe	7	0.4717029333114624	1	0	0.8500000238418579
105	oʋelːe	oʋjelːe	8	0.4694482386112213	1	0	0.8500000238418579
105	oʋelːe	oʋelːelːe	9	0.4634437561035156	3	0	0.8500000238418579
105	oʋelːe	oʋelːesːe	10	0.4578949809074402	3	0	0.8500000238418579
106	oʋen	oʋen	1	0.948070764541626	0	1	0.7777777910232544
106	oʋen	oʋin	2	0.7454173564910889	1	0	0.7777777910232544
106	oʋen	oʋːn	3	0.42384856939315796	1	0	0.7777777910232544
106	oʋen	oʋensːɑ	4	0.39616256952285767	3	0	0.7777777910232544
106	oʋen	oʋɑn	5	0.39364248514175415	1	0	0.7777777910232544
106	oʋen	oʋeːn	6	0.3933578431606293	1	0	0.7777777910232544
106	oʋen	oʋdin	7	0.3909156620502472	2	0	0.7777777910232544
106	oʋen	oʋten	8	0.37966904044151306	1	0	0.7777777910232544
106	oʋen	oʋenan	9	0.3648802638053894	2	0	0.7777777910232544
106	oʋen	oʋenen	10	0.3587501049041748	2	0	0.7777777910232544
107	oʋesːɑ	oʋesːɑ	1	0.9489266872406006	0	1	0.9444444179534912
107	oʋesːɑ	oʋisːɑ	2	0.8016565442085266	1	0	0.9444444179534912
107	oʋesːɑ	oʋesːæ	3	0.6131899952888489	1	0	0.9444444179534912
107	oʋesːɑ	oʋɑsːɑ	4	0.5306881666183472	1	0	0.9444444179534912
107	oʋesːɑ	oʋeːsːɑ	5	0.5263385772705078	1	0	0.9444444179534912
107	oʋesːɑ	oʋːsːɑ	6	0.5236625671386719	1	0	0.9444444179534912
107	oʋesːɑ	oʋisːæ	7	0.5179677605628967	2	0	0.9444444179534912
107	oʋesːɑ	oʋdisːɑ	8	0.4917474091053009	2	0	0.9444444179534912
107	oʋesːɑ	oʋːɑsːɑ	9	0.4788441061973572	2	0	0.9444444179534912
107	oʋesːɑ	oʋesːɑsːɑ	10	0.4763036370277405	3	0	0.9444444179534912
108	oʋestɑ	oʋestɑ	1	0.9429629445075989	0	1	1.0
108	oʋestɑ	oʋistɑ	2	0.8071226477622986	1	0	1.0
108	oʋestɑ	oʋestæ	3	0.6304436922073364	1	0	1.0
108	oʋestɑ	oʋːstɑ	4	0.5471259951591492	1	0	1.0
108	oʋestɑ	oʋistæ	5	0.540778398513794	2	0	1.0
108	oʋestɑ	oʋɑstɑ	6	0.5318423509597778	1	0	1.0
108	oʋestɑ	oʋeːstɑ	7	0.4988948702812195	1	0	1.0
108	oʋestɑ	oʋtɑstɑ	8	0.4946425259113312	2	0	1.0
108	oʋestɑ	oʋdistɑ	9	0.486659973859787	2	0	1.0
108	oʋestɑ	oʋestɑstɑ	10	0.478136271238327	3	0	1.0
109	puhelimeːn	puhelin	1	0.9699257612228394	3	0	0.6666666865348816
109	puhelimeːn	puhelimeːn	2	0.6420004963874817	0	1	0.6666666865348816
109	puhelimeːn	puheliːn	3	0.6335108876228333	2	0	0.6666666865348816
109	puhelimeːn	puheliseːn	4	0.6190297603607178	1	0	0.6666666865348816
109	puhelimeːn	puhelisːn	5	0.602243959903717	2	0	0.6666666865348816
109	puhelimeːn	puheliɲːn	6	0.5927972197532654	2	0	0.6666666865348816
109	puhelimeːn	puhelieːn	7	0.564655065536499	1	0	0.6666666865348816
109	puhelimeːn	puheliŋːn	8	0.5494735836982727	2	0	0.6666666865348816
109	puhelimeːn	puh;lin	9	0.5287171006202698	4	0	0.6666666865348816
109	puhelimeːn	puheli;n	10	0.5225819945335388	3	0	0.6666666865348816
110	puhelimelːe	puhelin	1	0.8577598333358765	5	0	0.5
110	puhelimelːe	puhelinilːe	2	0.8201291561126709	2	0	0.5
110	puhelimelːe	puhelinelːe	3	0.8149225115776062	1	0	0.5
110	puhelimelːe	puhelinlːe	4	0.808379590511322	2	0	0.5
110	puhelimelːe	puhelinɑlːe	5	0.8002095818519592	2	0	0.5
110	puhelimelːe	puhelinulːe	6	0.7448056936264038	2	0	0.5
110	puhelimelːe	puhelimelːe	7	0.7164009213447571	0	1	0.5
110	puhelimelːe	puheliɲːe	8	0.7107263207435608	3	0	0.5
110	puhelimelːe	puhelisːe	9	0.6961042284965515	3	0	0.5
110	puhelimelːe	puhelilːe	10	0.6900120377540588	2	0	0.5
111	puhelimen	puhelin	1	0.9725516438484192	2	0	0.8235294222831726
111	puhelimen	puhelimen	2	0.6109176278114319	0	1	0.8235294222831726
111	puhelimen	puhelisen	3	0.5943593382835388	1	0	0.8235294222831726
111	puhelimen	puheliɲn	4	0.5551970601081848	2	0	0.8235294222831726
111	puhelimen	puheliːn	5	0.5551466941833496	2	0	0.8235294222831726
111	puhelimen	puh;lin	6	0.5199344754219055	3	0	0.8235294222831726
111	puhelimen	puhelien	7	0.5184221863746643	1	0	0.8235294222831726
111	puhelimen	puhelinan	8	0.515930712223053	2	0	0.8235294222831726
111	puhelimen	puhelion	9	0.5142306089401245	2	0	0.8235294222831726
111	puhelimen	puhelisːɑ	10	0.5122734904289246	3	0	0.8235294222831726
112	puhelimesːɑ	puhelin	1	0.9546799659729004	5	0	0.8421052694320679
112	puhelimesːɑ	puhelinisːɑ	2	0.7272735834121704	2	0	0.8421052694320679
112	puhelimesːɑ	puhelisːɑ	3	0.7207772731781006	2	0	0.8421052694320679
112	puhelimesːɑ	puhelimesːɑ	4	0.6958562135696411	0	1	0.8421052694320679
112	puhelimesːɑ	puhelinesːɑ	5	0.69467693567276	1	0	0.8421052694320679
112	puhelimesːɑ	puhelinɑsːɑ	6	0.6926404237747192	2	0	0.8421052694320679
112	puhelimesːɑ	puheliɲːɑ	7	0.6434887051582336	3	0	0.8421052694320679
112	puhelimesːɑ	puhelinusːɑ	8	0.6344403028488159	2	0	0.8421052694320679
112	puhelimesːɑ	puhelidesːɑ	9	0.6295390725135803	1	0	0.8421052694320679
112	puhelimesːɑ	puheliesːɑ	10	0.623873770236969	1	0	0.8421052694320679
113	puhelimestɑ	puhelinistɑ	1	0.8966925144195557	2	0	0.75
113	puhelimestɑ	puhelinestɑ	2	0.8374369144439697	1	0	0.75
113	puhelimestɑ	puhelinɑstɑ	3	0.8122690320014954	2	0	0.75
113	puhelimestɑ	puhelintɑ	4	0.7589120864868164	3	0	0.75
113	puhelimestɑ	puhelin	5	0.7546532154083252	5	0	0.75
113	puhelimestɑ	puhelistɑ	6	0.7512605786323547	2	0	0.75
113	puhelimestɑ	puhelinustɑ	7	0.729597806930542	2	0	0.75
113	puhelimestɑ	puhelinstɑ	8	0.7273262143135071	2	0	0.75
113	puhelimestɑ	puhelinɑ	9	0.7096080780029297	4	0	0.75
113	puhelimestɑ	puhelimestɑ	10	0.6904193162918091	0	1	0.75
114	puhelintɑ	puhelintɑ	1	0.9721115827560425	0	1	0.800000011920929
114	puhelintɑ	puhelintæ	2	0.6133878827095032	1	0	0.800000011920929
114	puhelintɑ	puheliːntɑ	3	0.6104357242584229	1	0	0.800000011920929
114	puhelintɑ	puhelinɑ	4	0.60990309715271	1	0	0.800000011920929
114	puhelintɑ	puheliɲtɑ	5	0.6069143414497375	1	0	0.800000011920929
114	puhelintɑ	puheliniɑ	6	0.6063994765281677	1	0	0.800000011920929
114	puhelintɑ	puhelistɑ	7	0.6015774607658386	1	0	0.800000011920929
114	puhelintɑ	puh;lintɑ	8	0.5894686579704285	1	0	0.800000011920929
114	puhelintɑ	puhelintːɑ	9	0.5862467288970947	1	0	0.800000011920929
114	puhelintɑ	puheliæntɑ	10	0.5848180055618286	1	0	0.800000011920929
115	putkeɑ	putkiɑ	1	0.9111595749855042	1	0	0.6190476417541504
115	putkeɑ	putkeɑ	2	0.7840145826339722	0	1	0.6190476417541504
115	putkeɑ	putktɑ	3	0.6895516514778137	1	0	0.6190476417541504
115	putkeɑ	putkɔɑ	4	0.6293749809265137	1	0	0.6190476417541504
115	putkeɑ	putkuɑ	5	0.6189507842063904	1	0	0.6190476417541504
115	putkeɑ	putkːɑ	6	0.5928530693054199	1	0	0.6190476417541504
115	putkeɑ	putkaɑ	7	0.5839618444442749	1	0	0.6190476417541504
115	putkeɑ	putkjɑ	8	0.5390796065330505	1	0	0.6190476417541504
115	putkeɑ	putkæ	9	0.5133896470069885	2	0	0.6190476417541504
115	putkeɑ	putkɑ	10	0.5113972425460815	1	0	0.6190476417541504
116	putkeːn	putkeːn	1	0.9161301255226135	0	1	0.7777777910232544
116	putkeːn	putkiːn	2	0.8542602062225342	1	0	0.7777777910232544
116	putkeːn	putkːeːn	3	0.6537622213363647	1	0	0.7777777910232544
116	putkeːn	putkɔːn	4	0.6266790628433228	1	0	0.7777777910232544
116	putkeːn	putkːiːn	5	0.6265963912010193	2	0	0.7777777910232544
116	putkeːn	putkuːn	6	0.608246922492981	1	0	0.7777777910232544
116	putkeːn	putkseːn	7	0.5681602954864502	1	0	0.7777777910232544
116	putkeːn	putkaːn	8	0.5659632086753845	1	0	0.7777777910232544
116	putkeːn	putkjːn	9	0.5525912642478943	1	0	0.7777777910232544
116	putkeːn	putktːn	10	0.542621910572052	1	0	0.7777777910232544
117	putkelːe	putkilːe	1	0.9180203676223755	1	0	0.8235294222831726
117	putkelːe	putkelːe	2	0.8769912719726562	0	1	0.8235294222831726
117	putkelːe	putkulːe	3	0.6776679158210754	1	0	0.8235294222831726
117	putkelːe	putkɔlːe	4	0.5892789363861084	1	0	0.8235294222831726
117	putkelːe	putgilːe	5	0.5859976410865784	2	0	0.8235294222831726
117	putkelːe	putklːe	6	0.5813360214233398	1	0	0.8235294222831726
117	putkelːe	putkɑlːe	7	0.5795171856880188	1	0	0.8235294222831726
117	putkelːe	putkalːe	8	0.575840175151825	1	0	0.8235294222831726
117	putkelːe	putksːe	9	0.5506265759468079	2	0	0.8235294222831726
117	putkelːe	putkilːelːe	10	0.5123709440231323	3	0	0.8235294222831726
118	putken	putkin	1	0.9114204049110413	1	0	0.9473684430122375
118	putken	putken	2	0.8530290722846985	0	1	0.9473684430122375
118	putken	putkun	3	0.5620966553688049	1	0	0.9473684430122375
118	putken	putkan	4	0.5362223386764526	1	0	0.9473684430122375
118	putken	putksen	5	0.5293927788734436	1	0	0.9473684430122375
118	putken	putkɔn	6	0.49331748485565186	1	0	0.9473684430122375
118	putken	putkjen	7	0.49107521772384644	1	0	0.9473684430122375
118	putken	putkɑn	8	0.4710192084312439	1	0	0.9473684430122375
118	putken	putgin	9	0.46567678451538086	2	0	0.9473684430122375
118	putken	putkn	10	0.4493609368801117	1	0	0.9473684430122375
119	putkesːɑ	putkisːɑ	1	0.9115166664123535	1	0	0.875
119	putkesːɑ	putkesːɑ	2	0.8213251233100891	0	1	0.875
119	putkesːɑ	putkusːɑ	3	0.7031175494194031	1	0	0.875
119	putkesːɑ	putgisːɑ	4	0.7015631198883057	2	0	0.875
119	putkesːɑ	putisːɑ	5	0.673908531665802	2	0	0.875
119	putkesːɑ	putksːɑ	6	0.6654133796691895	1	0	0.875
119	putkesːɑ	putɑsːɑ	7	0.6480065584182739	2	0	0.875
119	putkesːɑ	putesːɑ	8	0.6202930212020874	1	0	0.875
119	putkesːɑ	putːisːɑ	9	0.6085681319236755	2	0	0.875
119	putkesːɑ	putkɑsːɑ	10	0.6052699685096741	1	0	0.875
120	putkestɑ	putkistɑ	1	0.9198150634765625	1	0	0.8823529481887817
120	putkestɑ	putkestɑ	2	0.8416881561279297	0	1	0.8823529481887817
120	putkestɑ	putkustɑ	3	0.7014034986495972	1	0	0.8823529481887817
120	putkestɑ	putkstɑ	4	0.6902270913124084	1	0	0.8823529481887817
120	putkestɑ	putgistɑ	5	0.6192310452461243	2	0	0.8823529481887817
120	putkestɑ	putkɑstɑ	6	0.6132035255432129	1	0	0.8823529481887817
120	putkestɑ	putkistæ	7	0.6071879863739014	2	0	0.8823529481887817
120	putkestɑ	putkastɑ	8	0.6059249639511108	1	0	0.8823529481887817
120	putkestɑ	putɑstɑ	9	0.5732640027999878	2	0	0.8823529481887817
120	putkestɑ	putistɑ	10	0.5646534562110901	2	0	0.8823529481887817
121	puːhun	puːn	1	0.9743908643722534	2	0	0.9333333373069763
121	puːhun	puːseːn	2	0.5051081776618958	3	0	0.9333333373069763
121	puːhun	putːn	3	0.4456939399242401	3	0	0.9333333373069763
121	puːhun	puhːn	4	0.43957358598709106	2	0	0.9333333373069763
121	puːhun	puːːn	5	0.4245765507221222	2	0	0.9333333373069763
121	puːhun	puːneːn	6	0.42079678177833557	3	0	0.9333333373069763
121	puːhun	puːnøːn	7	0.40655985474586487	3	0	0.9333333373069763
121	puːhun	puːnɨːn	8	0.37793880701065063	3	0	0.9333333373069763
121	puːhun	puːnːn	9	0.36688804626464844	2	0	0.9333333373069763
121	puːhun	pɔːn	10	0.3584968149662018	3	0	0.9333333373069763
122	puːlːe	puːlːe	1	0.978822648525238	0	1	0.8823529481887817
122	puːlːe	puːlːelːe	2	0.48407235741615295	3	0	0.8823529481887817
122	puːlːe	puːlːesːe	3	0.48099005222320557	3	0	0.8823529481887817
122	puːlːe	pɔːlːe	4	0.4716547131538391	1	0	0.8823529481887817
122	puːlːe	puːlːexːe	5	0.47099900245666504	3	0	0.8823529481887817
122	puːlːe	puːelːe	6	0.4649127721786499	1	0	0.8823529481887817
122	puːlːe	poːlːe	7	0.4612649977207184	1	0	0.8823529481887817
122	puːlːe	puhlːe	8	0.45505955815315247	1	0	0.8823529481887817
122	puːlːe	putlːe	9	0.4541732668876648	1	0	0.8823529481887817
122	puːlːe	puːlːeːe	10	0.45296117663383484	2	0	0.8823529481887817
123	puːn	puːn	1	0.9786982536315918	0	1	0.9444444179534912
123	puːn	pɔːn	2	0.39151081442832947	1	0	0.9444444179534912
123	puːn	puːnen	3	0.3723725974559784	2	0	0.9444444179534912
123	puːn	puːnan	4	0.3711424767971039	2	0	0.9444444179534912
123	puːn	puːnɨn	5	0.36781200766563416	2	0	0.9444444179534912
123	puːn	puːnɑn	6	0.36649757623672485	2	0	0.9444444179534912
123	puːn	puːnøn	7	0.36635181307792664	2	0	0.9444444179534912
123	puːn	puːnin	8	0.36631670594215393	2	0	0.9444444179534912
123	puːn	puːnun	9	0.3647002577781677	2	0	0.9444444179534912
123	puːn	poːn	10	0.352011501789093	1	0	0.9444444179534912
124	puːsːɑ	puːsːɑ	1	0.9777719974517822	0	1	1.0
124	puːsːɑ	puːsːæ	2	0.5561447739601135	1	0	1.0
124	puːsːɑ	puːsːɑsːɑ	3	0.48777085542678833	3	0	1.0
124	puːsːɑ	puːsːɑzːɑ	4	0.4810558259487152	3	0	1.0
124	puːsːɑ	pɔːsːɑ	5	0.4784148037433624	1	0	1.0
124	puːsːɑ	poːsːɑ	6	0.4623592495918274	1	0	1.0
124	puːsːɑ	puːstɑ	7	0.4571094214916229	1	0	1.0
124	puːsːɑ	puːsːɑːɑ	8	0.4547484517097473	2	0	1.0
124	puːsːɑ	putsːɑ	9	0.4458831548690796	1	0	1.0
124	puːsːɑ	pyːsːɑ	10	0.43921467661857605	1	0	1.0
125	puːstɑ	puːstɑ	1	0.9759241342544556	0	1	0.9411764740943909
125	puːstɑ	puːstæ	2	0.583935022354126	1	0	0.9411764740943909
125	puːstɑ	puːsestɑ	3	0.5259149074554443	2	0	0.9411764740943909
125	puːstɑ	puːstɑstɑ	4	0.49128785729408264	3	0	0.9411764740943909
125	puːstɑ	puːstɑztɑ	5	0.4787468910217285	3	0	0.9411764740943909
125	puːstɑ	pɔːstɑ	6	0.4757063686847687	1	0	0.9411764740943909
125	puːstɑ	puːstɑxtɑ	7	0.46203234791755676	3	0	0.9411764740943909
125	puːstɑ	poːstɑ	8	0.4607415199279785	1	0	0.9411764740943909
125	puːstɑ	puːstɑgtɑ	9	0.4600929617881775	3	0	0.9411764740943909
125	puːstɑ	puːstɑːɑ	10	0.45378756523132324	2	0	0.9411764740943909
126	puːtɑ	puːtɑ	1	0.975557267665863	0	1	0.9444444179534912
126	puːtɑ	puːtæ	2	0.5301790833473206	1	0	0.9444444179534912
126	puːtɑ	puːtːɑ	3	0.4576294422149658	1	0	0.9444444179534912
126	puːtɑ	puːtuɑ	4	0.4297664761543274	1	0	0.9444444179534912
126	puːtɑ	puːtɑːɑ	5	0.4259878993034363	2	0	0.9444444179534912
126	puːtɑ	puhtɑ	6	0.4186323583126068	1	0	0.9444444179534912
126	puːtɑ	pɔːtɑ	7	0.40636709332466125	1	0	0.9444444179534912
126	puːtɑ	puːtɑgɑ	8	0.404224693775177	2	0	0.9444444179534912
126	puːtɑ	poːtɑ	9	0.4000578820705414	1	0	0.9444444179534912
126	puːtɑ	puːdɑ	10	0.3919573426246643	1	0	0.9444444179534912
127	reŋːɑstɑ	reŋːɑstɑ	1	0.9272090196609497	0	1	0.949999988079071
127	reŋːɑstɑ	reŋːɑːtɑ	2	0.8221156597137451	1	0	0.949999988079071
127	reŋːɑstɑ	reŋːɑtːɑ	3	0.781696617603302	2	0	0.949999988079071
127	reŋːɑstɑ	reŋːɑkstɑ	4	0.7610641121864319	1	0	0.949999988079071
127	reŋːɑstɑ	reŋːɑːstɑ	5	0.6237552762031555	1	0	0.949999988079071
127	reŋːɑstɑ	reŋːɑɕtɑ	6	0.6121711730957031	1	0	0.949999988079071
127	reŋːɑstɑ	renːɑstɑ	7	0.5687716603279114	1	0	0.949999988079071
127	reŋːɑstɑ	reŋːɑztɑ	8	0.563992440700531	1	0	0.949999988079071
127	reŋːɑstɑ	reŋːɑstæ	9	0.5521349310874939	1	0	0.949999988079071
127	reŋːɑstɑ	reŋːɑdeɑ	10	0.5520200133323669	2	0	0.949999988079071
128	reŋkɑːlːe	reŋːɑːlːe	1	0.9044688940048218	1	0	0.7647058963775635
128	reŋkɑːlːe	reŋːɑkse	2	0.813633918762207	4	0	0.7647058963775635
128	reŋkɑːlːe	reŋːɑksːe	3	0.8024358153343201	3	0	0.7647058963775635
128	reŋkɑːlːe	reŋːɑsːe	4	0.7969952821731567	3	0	0.7647058963775635
128	reŋkɑːlːe	reŋːɑdelːe	5	0.7843142747879028	3	0	0.7647058963775635
128	reŋkɑːlːe	reŋːɑlːe	6	0.6832493543624878	2	0	0.7647058963775635
128	reŋkɑːlːe	reŋːɑɕːe	7	0.6411705017089844	3	0	0.7647058963775635
128	reŋkɑːlːe	reŋːɑtsːe	8	0.6300641298294067	3	0	0.7647058963775635
128	reŋkɑːlːe	reŋːɑelːe	9	0.6263384222984314	2	0	0.7647058963775635
128	reŋkɑːlːe	reŋːɑkselːe	10	0.5926701426506042	4	0	0.7647058963775635
129	reŋkɑːn	reŋːɑksen	1	0.9048169255256653	4	0	0.7222222089767456
129	reŋkɑːn	reŋːɑːn	2	0.8802416324615479	1	0	0.7222222089767456
129	reŋkɑːn	reŋːɑden	3	0.747837483882904	3	0	0.7222222089767456
129	reŋkɑːn	reŋːɑsen	4	0.7461177110671997	3	0	0.7222222089767456
129	reŋkɑːn	reŋːɑtsen	5	0.5948160886764526	4	0	0.7222222089767456
129	reŋkɑːn	reŋːɑkseːn	6	0.5817259550094604	4	0	0.7222222089767456
129	reŋkɑːn	reŋːɑnsen	7	0.5700116157531738	4	0	0.7222222089767456
129	reŋkɑːn	reŋːɑnːn	8	0.5661044716835022	2	0	0.7222222089767456
129	reŋkɑːn	reŋːɑksin	9	0.5612292289733887	4	0	0.7222222089767456
129	reŋkɑːn	reŋːɑksːn	10	0.5544330477714539	3	0	0.7222222089767456
130	reŋkɑːseːn	reŋːɑːn	1	0.9074437022209167	4	0	0.7692307829856873
130	reŋkɑːseːn	reŋːɑseːn	2	0.8196645975112915	2	0	0.7692307829856873
130	reŋkɑːseːn	reŋːɑkseːn	3	0.8092876076698303	2	0	0.7692307829856873
130	reŋkɑːseːn	reŋːɑsːn	4	0.7858761548995972	3	0	0.7692307829856873
130	reŋkɑːseːn	reŋːɑtseːn	5	0.6949031352996826	2	0	0.7692307829856873
130	reŋkɑːseːn	reŋːɑːseːn	6	0.6555891633033752	1	0	0.7692307829856873
130	reŋkɑːseːn	reŋːɑdeːn	7	0.6494067907333374	3	0	0.7692307829856873
130	reŋkɑːseːn	reŋːɑksːn	8	0.6459636688232422	3	0	0.7692307829856873
130	reŋkɑːseːn	reŋːɑtːn	9	0.6236945390701294	4	0	0.7692307829856873
130	reŋkɑːseːn	reŋːɑtsːn	10	0.5989096760749817	3	0	0.7692307829856873
131	reŋkɑːsːɑ	reŋːɑːsːɑ	1	0.8791243433952332	1	0	0.4444444477558136
131	reŋkɑːsːɑ	reŋːɑsːɑ	2	0.87386554479599	2	0	0.4444444477558136
131	reŋkɑːsːɑ	reŋːɑksːɑ	3	0.8150050044059753	2	0	0.4444444477558136
131	reŋkɑːsːɑ	reŋːɑksesːɑ	4	0.8126291632652283	4	0	0.4444444477558136
131	reŋkɑːsːɑ	reŋːɑdesːɑ	5	0.7794269323348999	3	0	0.4444444477558136
131	reŋkɑːsːɑ	reŋːɑːsesːɑ	6	0.6755489706993103	3	0	0.4444444477558136
131	reŋkɑːsːɑ	reŋːɑtsːɑ	7	0.6613308191299438	2	0	0.4444444477558136
131	reŋkɑːsːɑ	reŋːɑsesːɑ	8	0.6398873925209045	3	0	0.4444444477558136
131	reŋkɑːsːɑ	reŋːɑksesesːɑ	9	0.6283860206604004	6	0	0.4444444477558136
131	reŋkɑːsːɑ	reŋːɑesːɑ	10	0.6085103750228882	2	0	0.4444444477558136
132	reŋkɑːstɑ	reŋːɑstɑ	1	0.9225205183029175	2	0	0.7777777910232544
132	reŋkɑːstɑ	reŋːɑkstɑ	2	0.8339295983314514	2	0	0.7777777910232544
132	reŋkɑːstɑ	reŋːɑːstɑ	3	0.8293765187263489	1	0	0.7777777910232544
132	reŋkɑːstɑ	reŋːɑdestɑ	4	0.7513409852981567	3	0	0.7777777910232544
132	reŋkɑːstɑ	reŋːɑtstɑ	5	0.6777962446212769	2	0	0.7777777910232544
132	reŋkɑːstɑ	reŋːɑestɑ	6	0.5953681468963623	2	0	0.7777777910232544
132	reŋkɑːstɑ	reŋːɑgstɑ	7	0.581558346748352	2	0	0.7777777910232544
132	reŋkɑːstɑ	reŋːɑɕtɑ	8	0.5780447721481323	3	0	0.7777777910232544
132	reŋkɑːstɑ	reŋːɑztɑ	9	0.5516365766525269	3	0	0.7777777910232544
132	reŋkɑːstɑ	reŋkɑstɑ	10	0.5503284335136414	1	0	0.7777777910232544
133	sieneːn	sieneːn	1	0.9058586955070496	0	1	0.75
133	sieneːn	sieniːn	2	0.8706515431404114	1	0	0.75
133	sieneːn	sientːn	3	0.697706401348114	1	0	0.75
133	sieneːn	sienːn	4	0.6523446440696716	1	0	0.75
133	sieneːn	sienteːn	5	0.6485282182693481	1	0	0.75
133	sieneːn	sieneːseːn	6	0.5666189193725586	3	0	0.75
133	sieneːn	siendeːn	7	0.5381162762641907	1	0	0.75
133	sieneːn	sieniːseːn	8	0.5296265482902527	3	0	0.75
133	sieneːn	sienkːn	9	0.5059192180633545	1	0	0.75
133	sieneːn	sienɑːn	10	0.5048853158950806	1	0	0.75
134	sienelːe	sienelːe	1	0.916564404964447	0	1	0.949999988079071
134	sienelːe	sienilːe	2	0.9001226425170898	1	0	0.949999988079071
134	sienelːe	sientelːe	3	0.5900560021400452	1	0	0.949999988079071
134	sienelːe	sienːe	4	0.5845615863800049	2	0	0.949999988079071
134	sienelːe	siendelːe	5	0.5750541687011719	1	0	0.949999988079071
134	sienelːe	sienɑlːe	6	0.566132128238678	1	0	0.949999988079071
134	sienelːe	siendilːe	7	0.5638561844825745	2	0	0.949999988079071
134	sienelːe	si;nilːe	8	0.5182965397834778	2	0	0.949999988079071
134	sienelːe	sieselːe	9	0.5178512930870056	1	0	0.949999988079071
134	sienelːe	sienelːelːe	10	0.5132700204849243	3	0	0.949999988079071
135	sienen	sienen	1	0.90489262342453	0	1	1.0
135	sienen	sienin	2	0.875963032245636	1	0	1.0
135	sienen	sienːn	3	0.5614981651306152	1	0	1.0
135	sienen	sienten	4	0.538126528263092	1	0	1.0
135	sienen	sienden	5	0.5168110132217407	1	0	1.0
135	sienen	sientæn	6	0.4981714189052582	2	0	1.0
135	sienen	sieneːn	7	0.48933687806129456	1	0	1.0
135	sienen	sienɑn	8	0.4703916907310486	1	0	1.0
135	sienen	sientn	9	0.4493477940559387	1	0	1.0
135	sienen	si;nin	10	0.4459511339664459	2	0	1.0
136	sienesːæ	sienesːæ	1	0.9226153492927551	0	1	0.875
136	sienesːæ	sienisːæ	2	0.8755167126655579	1	0	0.875
136	sienesːæ	sienesːɑ	3	0.699654221534729	1	0	0.875
136	sienesːæ	sienisːɑ	4	0.6655175685882568	2	0	0.875
136	sienesːæ	sienːæ	5	0.6011480093002319	2	0	0.875
136	sienesːæ	sieneːsːæ	6	0.5816840529441833	1	0	0.875
136	sienesːæ	siendesːæ	7	0.5784207582473755	1	0	0.875
136	sienesːæ	sienɑsːæ	8	0.5735343098640442	1	0	0.875
136	sienesːæ	siendisːæ	9	0.5563797354698181	2	0	0.875
136	sienesːæ	sientæ	10	0.553697407245636	3	0	0.875
137	sienestæ	sienestæ	1	0.9135574102401733	0	1	0.9333333373069763
137	sienestæ	sienistæ	2	0.8917450904846191	1	0	0.9333333373069763
137	sienestæ	sienestɑ	3	0.6513729691505432	1	0	0.9333333373069763
137	sienestæ	sienistɑ	4	0.6345512866973877	2	0	0.9333333373069763
137	sienestæ	sienɑstæ	5	0.5852481126785278	1	0	0.9333333373069763
137	sienestæ	siendestæ	6	0.5816488862037659	1	0	0.9333333373069763
137	sienestæ	sientæ	7	0.5713661313056946	2	0	0.9333333373069763
137	sienestæ	sienːæ	8	0.5700439214706421	3	0	0.9333333373069763
137	sienestæ	siendistæ	9	0.5604170560836792	2	0	0.9333333373069763
137	sienestæ	sieneːstæ	10	0.5597849488258362	1	0	0.9333333373069763
138	sientæ	sieniæ	1	0.8689977526664734	1	0	0.6666666865348816
138	sientæ	sientæ	2	0.8447257280349731	0	1	0.6666666865348816
138	sientæ	sieneæ	3	0.7933374643325806	1	0	0.6666666865348816
138	sientæ	sienːæ	4	0.6546624898910522	1	0	0.6666666865348816
138	sientæ	sieneɑ	5	0.5523358583450317	2	0	0.6666666865348816
138	sientæ	sienɑː	6	0.5382843017578125	2	0	0.6666666865348816
138	sientæ	sienæː	7	0.5220693945884705	2	0	0.6666666865348816
138	sientæ	sieniɑ	8	0.5219206213951111	2	0	0.6666666865348816
138	sientæ	sien;æ	9	0.4986102283000946	1	0	0.6666666865348816
138	sientæ	siendæ	10	0.4910024404525757	1	0	0.6666666865348816
139	sirkukseːn	sirkuseːn	1	0.8532682061195374	1	0	1.0
139	sirkukseːn	sirkukseːn	2	0.8526757955551147	0	1	1.0
139	sirkukseːn	sirkuːseːn	3	0.8427402377128601	1	0	1.0
139	sirkukseːn	sirkusːn	4	0.7715816497802734	2	0	1.0
139	sirkukseːn	sirkutseːn	5	0.7090393304824829	1	0	1.0
139	sirkukseːn	sirkuːkseːn	6	0.70426344871521	1	0	1.0
139	sirkukseːn	sirkuːn	7	0.6905858516693115	3	0	1.0
139	sirkukseːn	sirkudeːn	8	0.6757211089134216	2	0	1.0
139	sirkukseːn	sirkuksːn	9	0.6665925979614258	1	0	1.0
139	sirkukseːn	sirkuːsːn	10	0.6572734117507935	2	0	1.0
140	sirkukselːe	sirkukse	1	0.8562940955162048	3	0	0.8999999761581421
140	sirkukselːe	sirkuːlːe	2	0.8339462280273438	3	0	0.8999999761581421
140	sirkukselːe	sirkudelːe	3	0.8162153363227844	2	0	0.8999999761581421
140	sirkukselːe	sirkusːe	4	0.7997511029243469	3	0	0.8999999761581421
140	sirkukselːe	sirkuksːe	5	0.7974604368209839	2	0	0.8999999761581421
140	sirkukselːe	sirkuelːe	6	0.6727010011672974	2	0	0.8999999761581421
140	sirkukselːe	sirkuɕːe	7	0.6682183742523193	4	0	0.8999999761581421
140	sirkukselːe	sirkulːe	8	0.6614736318588257	3	0	0.8999999761581421
140	sirkukselːe	sirkutsːe	9	0.626291036605835	3	0	0.8999999761581421
140	sirkukselːe	sirkukselːe	10	0.6236047148704529	0	1	0.8999999761581421
141	sirkuksen	sirkuksen	1	0.9212095737457275	0	1	0.8947368264198303
141	sirkuksen	sirkuden	2	0.7849195599555969	2	0	0.8947368264198303
141	sirkuksen	sirkuːn	3	0.7841617465019226	3	0	0.8947368264198303
141	sirkuksen	sirkusen	4	0.7782460451126099	1	0	0.8947368264198303
141	sirkuksen	sirkutsen	5	0.6193525791168213	1	0	0.8947368264198303
141	sirkuksen	sirkuzen	6	0.5975991487503052	2	0	0.8947368264198303
141	sirkuksen	sirkuɕn	7	0.5972825884819031	3	0	0.8947368264198303
141	sirkuksen	sirkukseːn	8	0.5857853889465332	1	0	0.8947368264198303
141	sirkuksen	sirkuen	9	0.5824345946311951	2	0	0.8947368264198303
141	sirkuksen	sirkuːsen	10	0.5758293867111206	1	0	0.8947368264198303
142	sirkuksesːɑ	sirkuksesːɑ	1	0.8548939824104309	0	1	1.0
142	sirkuksesːɑ	sirkusːɑ	2	0.8455814719200134	3	0	1.0
142	sirkuksesːɑ	sirkuksːɑ	3	0.8270154595375061	2	0	1.0
142	sirkuksesːɑ	sirkuːsːɑ	4	0.8196936845779419	3	0	1.0
142	sirkuksesːɑ	sirkudesːɑ	5	0.8060243129730225	2	0	1.0
142	sirkuksesːɑ	sirkusesːɑ	6	0.6967195272445679	1	0	1.0
142	sirkuksesːɑ	sirkuːsesːɑ	7	0.6961380243301392	1	0	1.0
142	sirkuksesːɑ	sirkuksesesːɑ	8	0.6697484254837036	2	0	1.0
142	sirkuksesːɑ	sirkutsːɑ	9	0.6599057912826538	3	0	1.0
142	sirkuksesːɑ	sirkuesːɑ	10	0.6475037336349487	2	0	1.0
143	sirkuksestɑ	sirkustɑ	1	0.8980772495269775	3	0	0.7777777910232544
143	sirkuksestɑ	sirkukstɑ	2	0.8648388385772705	2	0	0.7777777910232544
143	sirkuksestɑ	sirkuːstɑ	3	0.7896438837051392	3	0	0.7777777910232544
143	sirkuksestɑ	sirkudestɑ	4	0.7798659801483154	2	0	0.7777777910232544
143	sirkuksestɑ	sirkutstɑ	5	0.6744441986083984	3	0	0.7777777910232544
143	sirkuksestɑ	sirkuksestɑ	6	0.6639465689659119	0	1	0.7777777910232544
143	sirkuksestɑ	sirkuestɑ	7	0.6334751844406128	2	0	0.7777777910232544
143	sirkuksestɑ	sirkuɕtɑ	8	0.607546329498291	4	0	0.7777777910232544
143	sirkuksestɑ	sirkuztɑ	9	0.5816693902015686	4	0	0.7777777910232544
143	sirkuksestɑ	sirkukstæ	10	0.5808361768722534	3	0	0.7777777910232544
144	sirkustɑ	sirkustɑ	1	0.9106950163841248	0	1	0.8947368264198303
144	sirkustɑ	sirkutːɑ	2	0.8180838227272034	2	0	0.8947368264198303
144	sirkustɑ	sirkukstɑ	3	0.8031051754951477	1	0	0.8947368264198303
144	sirkustɑ	sirkuːstɑ	4	0.7007569670677185	1	0	0.8947368264198303
144	sirkustɑ	sirkuːtɑ	5	0.6950196027755737	1	0	0.8947368264198303
144	sirkustɑ	sirkuɕtɑ	6	0.6369886994361877	1	0	0.8947368264198303
144	sirkustɑ	sirkutstɑ	7	0.6115725636482239	1	0	0.8947368264198303
144	sirkustɑ	sirkuːɑ	8	0.6074469685554504	2	0	0.8947368264198303
144	sirkustɑ	sirkuztɑ	9	0.5922992825508118	1	0	0.8947368264198303
144	sirkustɑ	sirkudeɑ	10	0.5909460186958313	2	0	0.8947368264198303
145	sormukseːn	sormuseːn	1	0.8806443214416504	1	0	0.9285714030265808
145	sormukseːn	sormukseːn	2	0.8423047661781311	0	1	0.9285714030265808
145	sormukseːn	sormuːseːn	3	0.8244930505752563	1	0	0.9285714030265808
145	sormukseːn	sormusːn	4	0.8053438067436218	2	0	0.9285714030265808
145	sormukseːn	sormutseːn	5	0.7141836881637573	1	0	0.9285714030265808
145	sormukseːn	sormuːkseːn	6	0.6951010227203369	1	0	0.9285714030265808
145	sormukseːn	sormudeːn	7	0.6658442616462708	2	0	0.9285714030265808
145	sormukseːn	sormuksːn	8	0.6465429663658142	1	0	0.9285714030265808
145	sormukseːn	sormuːsːn	9	0.6441311836242676	2	0	0.9285714030265808
145	sormukseːn	sormuɕːn	10	0.632143497467041	3	0	0.9285714030265808
146	sormukselːe	sormukse	1	0.861720621585846	3	0	0.8823529481887817
146	sormukselːe	sormusːe	2	0.8237950801849365	3	0	0.8823529481887817
146	sormukselːe	sormuːlːe	3	0.8155138492584229	3	0	0.8823529481887817
146	sormukselːe	sormudelːe	4	0.8055830001831055	2	0	0.8823529481887817
146	sormukselːe	sormuksːe	5	0.7926697731018066	2	0	0.8823529481887817
146	sormukselːe	sormuɕːe	6	0.708900511264801	4	0	0.8823529481887817
146	sormukselːe	sormulːe	7	0.6499791145324707	3	0	0.8823529481887817
146	sormukselːe	sormuelːe	8	0.6380136609077454	2	0	0.8823529481887817
146	sormukselːe	sormutsːe	9	0.6312650442123413	3	0	0.8823529481887817
146	sormukselːe	sormukselːe	10	0.6160982251167297	0	1	0.8823529481887817
147	sormuksen	sormuksen	1	0.9223967790603638	0	1	1.0
147	sormuksen	sormusen	2	0.8003431558609009	1	0	1.0
147	sormuksen	sormuden	3	0.7803203463554382	2	0	1.0
147	sormuksen	sormuːn	4	0.7355677485466003	3	0	1.0
147	sormuksen	sormuːsen	5	0.6916857361793518	1	0	1.0
147	sormuksen	sormuːksen	6	0.6570287346839905	1	0	1.0
147	sormuksen	sormuɕn	7	0.6377995014190674	3	0	1.0
147	sormuksen	sormutsen	8	0.6273699998855591	1	0	1.0
147	sormuksen	sormuzen	9	0.6093843579292297	2	0	1.0
147	sormuksen	sormukseːn	10	0.5841059684753418	1	0	1.0
148	sormuksesːɑ	sormusːɑ	1	0.8643121719360352	3	0	0.875
148	sormuksesːɑ	sormuksesːɑ	2	0.860514223575592	0	1	0.875
148	sormuksesːɑ	sormuksːɑ	3	0.8198693990707397	2	0	0.875
148	sormuksesːɑ	sormuːsːɑ	4	0.8019658327102661	3	0	0.875
148	sormuksesːɑ	sormudesːɑ	5	0.7972182035446167	2	0	0.875
148	sormuksesːɑ	sormuːsesːɑ	6	0.6978162527084351	1	0	0.875
148	sormuksesːɑ	sormusesːɑ	7	0.6926069855690002	1	0	0.875
148	sormuksesːɑ	sormuksesesːɑ	8	0.6729224324226379	2	0	0.875
148	sormuksesːɑ	sormutsːɑ	9	0.6570330262184143	3	0	0.875
148	sormuksesːɑ	sormuɕːɑ	10	0.6526105403900146	4	0	0.875
149	sormusksestɑ	sormustɑ	1	0.9199660420417786	4	0	1.0
149	sormusksestɑ	sormukstɑ	2	0.850857138633728	3	0	1.0
149	sormusksestɑ	sormuːstɑ	3	0.7666348218917847	4	0	1.0
149	sormusksestɑ	sormudestɑ	4	0.761030375957489	3	0	1.0
149	sormusksestɑ	sormutstɑ	5	0.6627331376075745	4	0	1.0
149	sormusksestɑ	sormuksestɑ	6	0.6534104347229004	1	0	1.0
149	sormusksestɑ	sormuɕtɑ	7	0.6297158002853394	5	0	1.0
149	sormusksestɑ	sormuestɑ	8	0.6132531762123108	3	0	1.0
149	sormusksestɑ	sormuztɑ	9	0.5865451097488403	5	0	1.0
149	sormusksestɑ	sormustæ	10	0.585938572883606	5	0	1.0
150	sormustɑ	sormustɑ	1	0.9469619393348694	0	1	1.0
150	sormustɑ	sormukstɑ	2	0.763668417930603	1	0	1.0
150	sormustɑ	sormutːɑ	3	0.7318305969238281	2	0	1.0
150	sormustɑ	sormuːstɑ	4	0.6690012812614441	1	0	1.0
150	sormustɑ	sormuːtɑ	5	0.6444590091705322	1	0	1.0
150	sormustɑ	sormuɕtɑ	6	0.6377260088920593	1	0	1.0
150	sormustɑ	sormutstɑ	7	0.6163057684898376	1	0	1.0
150	sormustɑ	sormustæ	8	0.606665313243866	1	0	1.0
150	sormustɑ	sormuztɑ	9	0.5904139280319214	1	0	1.0
150	sormustɑ	sormuːɑ	10	0.5856475830078125	2	0	1.0
151	uːniɑ	uːniɑ	1	0.9224331378936768	0	1	1.0
151	uːniɑ	uːntɑ	2	0.7946229577064514	1	0	1.0
151	uːniɑ	uːneɑ	3	0.6561103463172913	1	0	1.0
151	uːniɑ	uːnːɑ	4	0.472798615694046	1	0	1.0
151	uːniɑ	uːniæ	5	0.4720306396484375	1	0	1.0
151	uːniɑ	uːn;tɑ	6	0.4421651065349579	2	0	1.0
151	uːniɑ	uːnɔɑ	7	0.4376077651977539	1	0	1.0
151	uːniɑ	uːntæ	8	0.4309856593608856	2	0	1.0
151	uːniɑ	uːndɑ	9	0.41469669342041016	1	0	1.0
151	uːniɑ	uːniɑztɑ	10	0.39400652050971985	3	0	1.0
152	uːniːn	uːniːn	1	0.942750096321106	0	1	0.7777777910232544
152	uːniːn	uːneːn	2	0.7812881469726562	1	0	0.7777777910232544
152	uːniːn	uːntːn	3	0.6493663787841797	1	0	0.7777777910232544
152	uːniːn	uːnteːn	4	0.578183650970459	2	0	0.7777777910232544
152	uːniːn	uːniːseːn	5	0.5215517282485962	3	0	0.7777777910232544
152	uːniːn	uːnːn	6	0.4956434965133667	1	0	0.7777777910232544
152	uːniːn	uːnɔːn	7	0.49367576837539673	1	0	0.7777777910232544
152	uːniːn	uːniːneːn	8	0.47856318950653076	3	0	0.7777777910232544
152	uːniːn	uhniːn	9	0.47657525539398193	1	0	0.7777777910232544
152	uːniːn	uːnʒːn	10	0.46789276599884033	1	0	0.7777777910232544
153	uːnilːe	uːnilːe	1	0.9729934930801392	0	1	0.9473684430122375
153	uːnilːe	uːnelːe	2	0.6966261267662048	1	0	0.9473684430122375
153	uːnilːe	uːnilːelːe	3	0.5098239183425903	3	0	0.9473684430122375
153	uːnilːe	uhnilːe	4	0.5086920857429504	1	0	0.9473684430122375
153	uːnilːe	uːntlːe	5	0.5079739689826965	1	0	0.9473684430122375
153	uːnilːe	uːnilːesːe	6	0.5068782567977905	3	0	0.9473684430122375
153	uːnilːe	uːnːlːe	7	0.5058958530426025	1	0	0.9473684430122375
153	uːnilːe	uːɲilːe	8	0.4909079074859619	1	0	0.9473684430122375
153	uːnilːe	uːnilːeːe	9	0.47996240854263306	2	0	0.9473684430122375
153	uːnilːe	uːnɔlːe	10	0.47622552514076233	1	0	0.9473684430122375
154	uːnin	uːnin	1	0.9704240560531616	0	1	0.8999999761581421
154	uːnin	uːnen	2	0.6325585246086121	1	0	0.8999999761581421
154	uːnin	uːnden	3	0.44275423884391785	2	0	0.8999999761581421
154	uːnin	uːniːn	4	0.42476511001586914	1	0	0.8999999761581421
154	uːnin	uhnin	5	0.4221135973930359	1	0	0.8999999761581421
154	uːnin	uːntn	6	0.4205535650253296	1	0	0.8999999761581421
154	uːnin	uːninan	7	0.4126736521720886	2	0	0.8999999761581421
154	uːnin	uːninen	8	0.4086216986179352	2	0	0.8999999761581421
154	uːnin	uːnːn	9	0.4071695804595947	1	0	0.8999999761581421
154	uːnin	uːninɨn	10	0.40669742226600647	2	0	0.8999999761581421
155	uːnisːɑ	uːnisːɑ	1	0.9615160226821899	0	1	0.9411764740943909
155	uːnisːɑ	uːnesːɑ	2	0.7751002311706543	1	0	0.9411764740943909
155	uːnisːɑ	uːnisːæ	3	0.6015675067901611	1	0	0.9411764740943909
155	uːnisːɑ	uːndesːɑ	4	0.5299625992774963	2	0	0.9411764740943909
155	uːnisːɑ	uːnːsːɑ	5	0.5295851230621338	1	0	0.9411764740943909
155	uːnisːɑ	uːnisːɑsːɑ	6	0.5067196488380432	3	0	0.9411764740943909
155	uːnisːɑ	uːnisːɑzːɑ	7	0.5024949312210083	3	0	0.9411764740943909
155	uːnisːɑ	uhnisːɑ	8	0.49651068449020386	1	0	0.9411764740943909
155	uːnisːɑ	uːnɑsːɑ	9	0.49597296118736267	1	0	0.9411764740943909
155	uːnisːɑ	uːnɔsːɑ	10	0.4863836169242859	1	0	0.9411764740943909
156	uːnistɑ	uːnistɑ	1	0.9583861827850342	0	1	0.8823529481887817
156	uːnistɑ	uːnestɑ	2	0.7787842154502869	1	0	0.8823529481887817
156	uːnistɑ	uːnistæ	3	0.6150673031806946	1	0	0.8823529481887817
156	uːnistɑ	uːndestɑ	4	0.5426204204559326	2	0	0.8823529481887817
156	uːnistɑ	uːnːstɑ	5	0.5331597328186035	1	0	0.8823529481887817
156	uːnistɑ	uːnistɑstɑ	6	0.5088446736335754	3	0	0.8823529481887817
156	uːnistɑ	uːnestæ	7	0.5003058314323425	2	0	0.8823529481887817
156	uːnistɑ	uːnistɑztɑ	8	0.4997335970401764	3	0	0.8823529481887817
156	uːnistɑ	uːnɑstɑ	9	0.49890002608299255	1	0	0.8823529481887817
156	uːnistɑ	uhnistɑ	10	0.497395396232605	1	0	0.8823529481887817
157	ʋyølːe	ʋyølːe	1	0.9866023063659668	0	1	0.949999988079071
157	ʋyølːe	ʋyølːelːe	2	0.489393025636673	3	0	0.949999988079071
157	ʋyølːe	ʋyølːesːe	3	0.48427721858024597	3	0	0.949999988079071
157	ʋyølːe	ʋyølːexːe	4	0.46585017442703247	3	0	0.949999988079071
157	ʋyølːe	ʋydølːe	5	0.4544379711151123	1	0	0.949999988079071
157	ʋyølːe	ʋyøsːe	6	0.43438610434532166	1	0	0.949999988079071
157	ʋyølːe	ʋyølːege	7	0.43343982100486755	2	0	0.949999988079071
157	ʋyølːe	ʋøølːe	8	0.4314708709716797	1	0	0.949999988079071
157	ʋyølːe	ʋæølːe	9	0.41784337162971497	1	0	0.949999988079071
157	ʋyølːe	ʋyølːen	10	0.4138186275959015	1	0	0.949999988079071
158	ʋyøstæ	ʋyøstæ	1	0.9837491512298584	0	1	0.9047619104385376
158	ʋyøstæ	ʋyøstɑ	2	0.5614244937896729	1	0	0.9047619104385376
158	ʋyøstæ	ʋyøsestæ	3	0.5245102643966675	2	0	0.9047619104385376
158	ʋyøstæ	ʋyøstæstæ	4	0.49675917625427246	3	0	0.9047619104385376
158	ʋyøstæ	ʋyøːstæ	5	0.48226064443588257	1	0	0.9047619104385376
158	ʋyøstæ	ʋyøstægtæ	6	0.45992642641067505	3	0	0.9047619104385376
158	ʋyøstæ	ʋyøstægstæ	7	0.45653295516967773	4	0	0.9047619104385376
158	ʋyøstæ	ʋydøstæ	8	0.4524226188659668	1	0	0.9047619104385376
158	ʋyøstæ	ʋyøstæːæ	9	0.44988709688186646	2	0	0.9047619104385376
158	ʋyøstæ	ʋyøsːæ	10	0.43868646025657654	1	0	0.9047619104385376
159	ʋyøn	ʋyøn	1	0.9886347055435181	0	1	1.0
159	ʋyøn	ʋyønsːæ	2	0.4068794548511505	3	0	1.0
159	ʋyøn	ʋyøsːæ	3	0.3993038535118103	3	0	1.0
159	ʋyøn	ʋyøːn	4	0.38155505061149597	1	0	1.0
159	ʋyøn	ʋyønan	5	0.37725117802619934	2	0	1.0
159	ʋyøn	ʋyønen	6	0.37289902567863464	2	0	1.0
159	ʋyøn	ʋyønøn	7	0.36989542841911316	2	0	1.0
159	ʋyøn	ʋyønɨn	8	0.36935287714004517	2	0	1.0
159	ʋyøn	ʋyønæn	9	0.36930936574935913	2	0	1.0
159	ʋyøn	ʋydøn	10	0.3490963876247406	1	0	1.0
160	ʋyøhøn	ʋyøːn	1	0.9863253235816956	2	0	0.6875
160	ʋyøhøn	ʋyøːseːn	2	0.529797375202179	4	0	0.6875
160	ʋyøhøn	ʋyøtn	3	0.4721519351005554	2	0	0.6875
160	ʋyøhøn	ʋyøːneːn	4	0.45947328209877014	4	0	0.6875
160	ʋyøhøn	ʋyøːnøːn	5	0.4478589594364166	3	0	0.6875
160	ʋyøhøn	ʋyøːnyːn	6	0.4362344443798065	4	0	0.6875
160	ʋyøhøn	ʋyø;n	7	0.41052156686782837	2	0	0.6875
160	ʋyøhøn	ʋyøhn	8	0.4065784215927124	1	0	0.6875
160	ʋyøhøn	ʋyøyːn	9	0.40569478273391724	2	0	0.6875
160	ʋyøhøn	ʋyøːniːn	10	0.40539100766181946	4	0	0.6875
161	ʋyøsːæ	ʋyøsːæ	1	0.983545184135437	0	1	1.0
161	ʋyøsːæ	ʋyøsːɑ	2	0.6082179546356201	1	0	1.0
161	ʋyøsːæ	ʋyøsːæsːæ	3	0.490317702293396	3	0	1.0
161	ʋyøsːæ	ʋyøːsːæ	4	0.4851914942264557	1	0	1.0
161	ʋyøsːæ	ʋyøsːæzːæ	5	0.48146355152130127	3	0	1.0
161	ʋyøsːæ	ʋyøstæ	6	0.4728769063949585	1	0	1.0
161	ʋyøsːæ	ʋydøsːæ	7	0.4540864825248718	1	0	1.0
161	ʋyøsːæ	ʋyøsːægæ	8	0.4316960871219635	2	0	1.0
161	ʋyøsːæ	ʋøøsːæ	9	0.42437225580215454	1	0	1.0
161	ʋyøsːæ	ʋyølːæ	10	0.41613784432411194	1	0	1.0
162	ʋyøtæ	ʋyøtæ	1	0.9766777157783508	0	1	0.9411764740943909
162	ʋyøtæ	ʋyøæ	2	0.5655426383018494	1	0	0.9411764740943909
162	ʋyøtæ	ʋyøtɑ	3	0.5181525349617004	1	0	0.9411764740943909
162	ʋyøtæ	ʋyøtːæ	4	0.514626145362854	1	0	0.9411764740943909
162	ʋyøtæ	ʋyøɑ	5	0.4613470137119293	2	0	0.9411764740943909
162	ʋyøtæ	ʋyøtyæ	6	0.4266262352466583	1	0	0.9411764740943909
162	ʋyøtæ	ʋyøtæːæ	7	0.4260255694389343	2	0	0.9411764740943909
162	ʋyøtæ	ʋyøyæ	8	0.41084131598472595	1	0	0.9411764740943909
162	ʋyøtæ	ʋyøtøæ	9	0.3981079161167145	1	0	0.9411764740943909
162	ʋyøtæ	ʋyødæ	10	0.38501301407814026	1	0	0.9411764740943909
