1	ɑːrːetːɑ	ɑːrːetːɑ	1	0.15679287065205405	0	1	0.9090909361839294
1	ɑːrːetːɑ	ɑːrːeɑ	2	0.11077552635895174	2	0	0.9090909361839294
1	ɑːrːetːɑ	ɑːrːeːtːɑ	3	0.09967692434571736	1	0	0.9090909361839294
1	ɑːrːetːɑ	ɑːrtetːɑ	4	0.09809613126209082	1	0	0.9090909361839294
1	ɑːrːetːɑ	ɑːrː;etːɑ	5	0.0911187650908408	1	0	0.9090909361839294
1	ɑːrːetːɑ	ɑːrːestɑ	6	0.09014708830363892	2	0	0.9090909361839294
1	ɑːrːetːɑ	ɑːrːetːæ	7	0.09014451106525236	1	0	0.9090909361839294
1	ɑːrːetːɑ	ɑːrːtːɑ	8	0.08860634376707541	1	0	0.9090909361839294
1	ɑːrːetːɑ	ɑhrːetːɑ	9	0.08843966304625485	1	0	0.9090909361839294
1	ɑːrːetːɑ	ɑːrhetːɑ	10	0.0862021761081237	1	0	0.9090909361839294
2	ɑːrteːlːe	ɑːrːelːe	1	0.14791443449810124	2	0	0.6666666865348816
2	ɑːrteːlːe	ɑːrtelːe	2	0.11585293307720539	1	0	0.6666666865348816
2	ɑːrteːlːe	ɑːrelːe	3	0.10337500434660928	2	0	0.6666666865348816
2	ɑːrteːlːe	ɑːrːeːlːe	4	0.1011143992667444	1	0	0.6666666865348816
2	ɑːrteːlːe	ɑːrsːelːe	5	0.09518406372342321	3	0	0.6666666865348816
2	ɑːrteːlːe	ɑːrkelːe	6	0.09031224319387736	2	0	0.6666666865348816
2	ɑːrteːlːe	ɑːrdelːe	7	0.08954120971800285	2	0	0.6666666865348816
2	ɑːrteːlːe	ɑːrielːe	8	0.0878206567425786	2	0	0.6666666865348816
2	ɑːrteːlːe	ɑːrbelːe	9	0.08684539592553796	2	0	0.6666666865348816
2	ɑːrteːlːe	ɑːrːelːelːe	10	0.08203965950791973	3	0	0.6666666865348816
3	ɑːrteːn	ɑːrːen	1	0.15157085822648764	2	0	0.7777777910232544
3	ɑːrteːn	ɑːrːeːn	2	0.11945036882021448	1	0	0.7777777910232544
3	ɑːrteːn	ɑːrten	3	0.108914948278878	1	0	0.7777777910232544
3	ɑːrteːn	ɑːrteːn	4	0.10096403121766849	0	1	0.7777777910232544
3	ɑːrteːn	ɑːren	5	0.09595277046115244	2	0	0.7777777910232544
3	ɑːrteːn	ɑːrːesːɑ	6	0.09144110193604363	3	0	0.7777777910232544
3	ɑːrteːn	ɑːrsːen	7	0.08803178887863555	3	0	0.7777777910232544
3	ɑːrteːn	ɑːrken	8	0.0829056294192443	2	0	0.7777777910232544
3	ɑːrteːn	ɑːreːn	9	0.08103914413840556	1	0	0.7777777910232544
3	ɑːrteːn	ɑːrien	10	0.07972935862326994	2	0	0.7777777910232544
4	ɑːrteːseːn	ɑːrːeːn	1	0.1578719506812301	3	0	0.3529411852359772
4	ɑːrteːseːn	ɑːrːeːseːn	2	0.11474486853183953	1	0	0.3529411852359772
4	ɑːrteːseːn	ɑːrteːn	3	0.10291359702544486	3	0	0.3529411852359772
4	ɑːrteːseːn	ɑːrːteːn	4	0.09336013617228071	3	0	0.3529411852359772
4	ɑːrteːseːn	ɑːrːetːn	5	0.09024497596591778	4	0	0.3529411852359772
4	ɑːrteːseːn	ɑːrːeːsːn	6	0.0900701219689566	2	0	0.3529411852359772
4	ɑːrteːseːn	ɑːrː;eːn	7	0.08851915252014197	3	0	0.3529411852359772
4	ɑːrteːseːn	ɑːr;eːn	8	0.08795243605483385	4	0	0.3529411852359772
4	ɑːrteːseːn	ɑːrheːn	9	0.08793684094232461	4	0	0.3529411852359772
4	ɑːrteːseːn	ɑhrːeːn	10	0.08638592013702996	4	0	0.3529411852359772
5	ɑːrteːsːɑ	ɑːrːesːɑ	1	0.13020844135537046	2	0	0.6000000238418579
5	ɑːrteːsːɑ	ɑːrːeːsːɑ	2	0.11534997547884761	1	0	0.6000000238418579
5	ɑːrteːsːɑ	ɑːrtesːɑ	3	0.10829566308047547	1	0	0.6000000238418579
5	ɑːrteːsːɑ	ɑːrteːsːɑ	4	0.10474621261487592	0	1	0.6000000238418579
5	ɑːrteːsːɑ	ɑːresːɑ	5	0.10051108113116865	2	0	0.6000000238418579
5	ɑːrteːsːɑ	ɑːreːsːɑ	6	0.09445240145326604	1	0	0.6000000238418579
5	ɑːrteːsːɑ	ɑːrːeksːɑ	7	0.09227803085216511	2	0	0.6000000238418579
5	ɑːrteːsːɑ	ɑːrsːesːɑ	8	0.08567557432634455	3	0	0.6000000238418579
5	ɑːrteːsːɑ	ɑːrdesːɑ	9	0.08476456242638922	2	0	0.6000000238418579
5	ɑːrteːsːɑ	ɑːrːetːɑ	10	0.08371805728109696	3	0	0.6000000238418579
6	ɑːrteːstɑ	ɑːrːestɑ	1	0.1296426671620241	2	0	0.6499999761581421
6	ɑːrteːstɑ	ɑːrtestɑ	2	0.1119122204115407	1	0	0.6499999761581421
6	ɑːrteːstɑ	ɑːrːeːstɑ	3	0.10962697896701089	1	0	0.6499999761581421
6	ɑːrteːstɑ	ɑːrteːstɑ	4	0.10211303437386539	0	1	0.6499999761581421
6	ɑːrteːstɑ	ɑːrestɑ	5	0.10075508515363117	2	0	0.6499999761581421
6	ɑːrteːstɑ	ɑːrːekstɑ	6	0.09438620148100614	2	0	0.6499999761581421
6	ɑːrteːstɑ	ɑːrːetːɑ	7	0.09233849518293043	4	0	0.6499999761581421
6	ɑːrteːstɑ	ɑːreːstɑ	8	0.08867171312049851	1	0	0.6499999761581421
6	ɑːrteːstɑ	ɑːrsːestɑ	9	0.0864025820506109	3	0	0.6499999761581421
6	ɑːrteːstɑ	ɑːrdestɑ	10	0.08415102209688179	2	0	0.6499999761581421
7	ɑlːɑstɑ	ɑlːɑstɑ	1	0.15145728153645427	0	1	0.9333333373069763
7	ɑlːɑstɑ	ɑlːɑtːɑ	2	0.11950443933517987	2	0	0.9333333373069763
7	ɑlːɑstɑ	ɑlːɑːtɑ	3	0.11727884189680954	1	0	0.9333333373069763
7	ɑlːɑstɑ	ɑlːɑkstɑ	4	0.10916874571469183	1	0	0.9333333373069763
7	ɑlːɑstɑ	ɑlːɑɕtɑ	5	0.09148492414556489	1	0	0.9333333373069763
7	ɑlːɑstɑ	ɑltɑstɑ	6	0.08579559885671664	1	0	0.9333333373069763
7	ɑlːɑstɑ	ɑlːɑztɑ	7	0.08270173710432296	1	0	0.9333333373069763
7	ɑlːɑstɑ	ɑlːɑsːɑ	8	0.08195377251853682	1	0	0.9333333373069763
7	ɑlːɑstɑ	ɑl;ɑstɑ	9	0.08092131829709787	1	0	0.9333333373069763
7	ɑlːɑstɑ	ɑlːɑstɑstɑ	10	0.07973334059462531	3	0	0.9333333373069763
8	ɑltɑːlːe	ɑlːɑːlːe	1	0.12445769270493094	1	0	0.6363636255264282
8	ɑltɑːlːe	ɑlːɑsːe	2	0.1140253671141492	3	0	0.6363636255264282
8	ɑltɑːlːe	ɑlːɑksːe	3	0.11232686362326053	3	0	0.6363636255264282
8	ɑltɑːlːe	ɑlːɑdelːe	4	0.10965788138950905	3	0	0.6363636255264282
8	ɑltɑːlːe	ɑlːɑkse	5	0.10200583196657934	4	0	0.6363636255264282
8	ɑltɑːlːe	ɑlːɑlːe	6	0.0936795339238903	2	0	0.6363636255264282
8	ɑltɑːlːe	ɑlːɑɕːe	7	0.08871827081542422	3	0	0.6363636255264282
8	ɑltɑːlːe	ɑlːɑelːe	8	0.0868020620938775	2	0	0.6363636255264282
8	ɑltɑːlːe	ɑlɑːɑlːe	9	0.08457611629657379	2	0	0.6363636255264282
8	ɑltɑːlːe	ɑlːɑtsːe	10	0.08375038007180514	3	0	0.6363636255264282
9	ɑltɑːn	ɑlːɑksen	1	0.1327579534399104	4	0	0.5555555820465088
9	ɑltɑːn	ɑlːɑːn	2	0.12820686057170258	1	0	0.5555555820465088
9	ɑltɑːn	ɑlːɑsen	3	0.12220078654358052	3	0	0.5555555820465088
9	ɑltɑːn	ɑlːɑden	4	0.11681942913422165	3	0	0.5555555820465088
9	ɑltɑːn	ɑlːɑtsen	5	0.08751760195997903	4	0	0.5555555820465088
9	ɑltɑːn	ɑlːɑɕn	6	0.08461091980558605	2	0	0.5555555820465088
9	ɑltɑːn	ɑlːɑten	7	0.08302223545789224	3	0	0.5555555820465088
9	ɑltɑːn	ɑlːɑsːn	8	0.08287380797193548	2	0	0.5555555820465088
9	ɑltɑːn	ɑlːɑen	9	0.08265779996643662	2	0	0.5555555820465088
9	ɑltɑːn	ɑlːɑkseːn	10	0.07933260514875541	4	0	0.5555555820465088
10	ɑltɑːseːn	ɑlːɑseːn	1	0.12609731106028602	2	0	0.5882353186607361
10	ɑltɑːseːn	ɑlːɑːn	2	0.1152482485053683	4	0	0.5882353186607361
10	ɑltɑːseːn	ɑlːɑsːn	3	0.11277217077528973	3	0	0.5882353186607361
10	ɑltɑːseːn	ɑlːɑkseːn	4	0.10910844756976379	2	0	0.5882353186607361
10	ɑltɑːseːn	ɑlːɑːseːn	5	0.09406921741979737	1	0	0.5882353186607361
10	ɑltɑːseːn	ɑlːɑtseːn	6	0.09403306110920977	2	0	0.5882353186607361
10	ɑltɑːseːn	ɑlːɑteːn	7	0.09022325790154269	3	0	0.5882353186607361
10	ɑltɑːseːn	ɑlːɑtːn	8	0.09011130094922906	4	0	0.5882353186607361
10	ɑltɑːseːn	ɑlːɑdeːn	9	0.08721615881838932	3	0	0.5882353186607361
10	ɑltɑːseːn	ɑlːɑsːeːn	10	0.08112082589112396	3	0	0.5882353186607361
11	ɑltɑːsːɑ	ɑlːɑsːɑ	1	0.1273574449533682	2	0	0.5882353186607361
11	ɑltɑːsːɑ	ɑlːɑːsːɑ	2	0.12231932815917712	1	0	0.5882353186607361
11	ɑltɑːsːɑ	ɑlːɑksːɑ	3	0.11424416201089628	2	0	0.5882353186607361
11	ɑltɑːsːɑ	ɑlːɑdesːɑ	4	0.10986576052489978	3	0	0.5882353186607361
11	ɑltɑːsːɑ	ɑlːɑksesːɑ	5	0.10147194979581216	4	0	0.5882353186607361
11	ɑltɑːsːɑ	ɑlːɑtsːɑ	6	0.09165330898263221	2	0	0.5882353186607361
11	ɑltɑːsːɑ	ɑlɑːɑsːɑ	7	0.08868050172883608	2	0	0.5882353186607361
11	ɑltɑːsːɑ	ɑlːɑesːɑ	8	0.08500983247967861	2	0	0.5882353186607361
11	ɑltɑːsːɑ	ɑlːɑɕːɑ	9	0.08123106954612344	3	0	0.5882353186607361
11	ɑltɑːsːɑ	ɑltɑsːɑ	10	0.07816664181857608	1	0	0.5882353186607361
12	ɑltɑːstɑ	ɑlːɑstɑ	1	0.13652040387127015	2	0	0.4375
12	ɑltɑːstɑ	ɑlːɑːstɑ	2	0.11812179676321673	1	0	0.4375
12	ɑltɑːstɑ	ɑlːɑkstɑ	3	0.11715477407080997	2	0	0.4375
12	ɑltɑːstɑ	ɑlːɑdestɑ	4	0.10888955386379578	3	0	0.4375
12	ɑltɑːstɑ	ɑlːɑtstɑ	5	0.09632724712690129	2	0	0.4375
12	ɑltɑːstɑ	ɑlɑːɑstɑ	6	0.0901742249921899	2	0	0.4375
12	ɑltɑːstɑ	ɑlːɑestɑ	7	0.0853952441224946	2	0	0.4375
12	ɑltɑːstɑ	ɑltɑstɑ	8	0.08402597016241653	1	0	0.4375
12	ɑltɑːstɑ	ɑlːɑgstɑ	9	0.08183812967682748	2	0	0.4375
12	ɑltɑːstɑ	ɑlːɑɕtɑ	10	0.08155265535007757	3	0	0.4375
13	ɑʋɑimeːn	ɑʋɑin	1	0.18322976361927715	3	0	0.75
13	ɑʋɑimeːn	ɑʋɑimeːn	2	0.09751314706422258	0	1	0.75
13	ɑʋɑimeːn	ɑʋɑiɲːn	3	0.09703227017093266	2	0	0.75
13	ɑʋɑimeːn	ɑʋɑiseːn	4	0.09495869894736819	1	0	0.75
13	ɑʋɑimeːn	ɑʋɑineːn	5	0.09112798291204557	1	0	0.75
13	ɑʋɑimeːn	ɑʋɑinːn	6	0.0901939124525823	2	0	0.75
13	ɑʋɑimeːn	ɑʋɑisːn	7	0.09018843841153058	2	0	0.75
13	ɑʋɑimeːn	ɑʋɑinɛːn	8	0.0870066338779622	2	0	0.75
13	ɑʋɑimeːn	ɑʋɑiːn	9	0.08629745760148322	2	0	0.75
13	ɑʋɑimeːn	ɑʋɑintːn	10	0.08245169494259554	2	0	0.75
14	ɑʋɑimelːe	ɑʋɑinelːe	1	0.1161908629079175	1	0	0.875
14	ɑʋɑimelːe	ɑʋɑinɑlːe	2	0.11295542014678149	2	0	0.875
14	ɑʋɑimelːe	ɑʋɑinilːe	3	0.10755033362123133	2	0	0.875
14	ɑʋɑimelːe	ɑʋɑinːe	4	0.10540376308893566	3	0	0.875
14	ɑʋɑimelːe	ɑʋɑinulːe	5	0.10042954128158967	2	0	0.875
14	ɑʋɑimelːe	ɑʋɑinlːe	6	0.1002679154734212	2	0	0.875
14	ɑʋɑimelːe	ɑʋɑin	7	0.09876353912239111	5	0	0.875
14	ɑʋɑimelːe	ɑʋɑinɛlːe	8	0.09051706571514403	2	0	0.875
14	ɑʋɑimelːe	ɑʋɑinɔlːe	9	0.08401427057578313	2	0	0.875
14	ɑʋɑimelːe	ɑʋɑiɲːe	10	0.08390728806680488	3	0	0.875
15	ɑʋɑimen	ɑʋɑin	1	0.1957177686248774	2	0	0.8888888955116272
15	ɑʋɑimen	ɑʋɑimen	2	0.09739440452794901	0	1	0.8888888955116272
15	ɑʋɑimen	ɑʋɑisen	3	0.09465476499450248	1	0	0.8888888955116272
15	ɑʋɑimen	ɑʋɑiɲn	4	0.09288263715622441	2	0	0.8888888955116272
15	ɑʋɑimen	ɑʋɑiʋen	5	0.09139111823643759	1	0	0.8888888955116272
15	ɑʋɑimen	ɑʋɑinen	6	0.0867050375394323	1	0	0.8888888955116272
15	ɑʋɑimen	ɑʋɑinan	7	0.08663528478281517	2	0	0.8888888955116272
15	ɑʋɑimen	ɑʋɑisːɑ	8	0.08657836286064885	3	0	0.8888888955116272
15	ɑʋɑimen	ɑʋɑinɑn	9	0.08539177301442986	2	0	0.8888888955116272
15	ɑʋɑimen	ɑʋɑiːn	10	0.08264884826268296	2	0	0.8888888955116272
16	ɑʋɑimesːɑ	ɑʋɑin	1	0.1173163201979137	5	0	0.9375
16	ɑʋɑimesːɑ	ɑʋɑinɑsːɑ	2	0.11698592353882456	2	0	0.9375
16	ɑʋɑimesːɑ	ɑʋɑinesːɑ	3	0.1139827978590641	1	0	0.9375
16	ɑʋɑimesːɑ	ɑʋɑinisːɑ	4	0.11118445069863983	2	0	0.9375
16	ɑʋɑimesːɑ	ɑʋɑinːɑ	5	0.09910014134173142	3	0	0.9375
16	ɑʋɑimesːɑ	ɑʋɑinusːɑ	6	0.0951542709426345	2	0	0.9375
16	ɑʋɑimesːɑ	ɑʋɑinsːɑ	7	0.09326253744849493	2	0	0.9375
16	ɑʋɑimesːɑ	ɑʋɑinɛsːɑ	8	0.09284041776772317	2	0	0.9375
16	ɑʋɑimesːɑ	ɑʋɑintɑ	9	0.08073981921041301	4	0	0.9375
16	ɑʋɑimesːɑ	ɑʋɑisːɑ	10	0.07943332099456077	2	0	0.9375
17	ɑʋɑimestɑ	ɑʋɑinɑstɑ	1	0.12006551623694349	2	0	0.8888888955116272
17	ɑʋɑimestɑ	ɑʋɑinestɑ	2	0.11907508647376634	1	0	0.8888888955116272
17	ɑʋɑimestɑ	ɑʋɑinistɑ	3	0.11423049183735068	2	0	0.8888888955116272
17	ɑʋɑimestɑ	ɑʋɑintɑ	4	0.10719048975121169	3	0	0.8888888955116272
17	ɑʋɑimestɑ	ɑʋɑinstɑ	5	0.10138530030408492	2	0	0.8888888955116272
17	ɑʋɑimestɑ	ɑʋɑinustɑ	6	0.09390658430780235	2	0	0.8888888955116272
17	ɑʋɑimestɑ	ɑʋɑinːɑ	7	0.0915010300022837	4	0	0.8888888955116272
17	ɑʋɑimestɑ	ɑʋɑinɛstɑ	8	0.08760904396968977	2	0	0.8888888955116272
17	ɑʋɑimestɑ	ɑʋɑistɑ	9	0.08266549124646204	2	0	0.8888888955116272
17	ɑʋɑimestɑ	ɑʋɑinɔstɑ	10	0.08237096587040503	2	0	0.8888888955116272
18	ɑʋɑintɑ	ɑʋɑintɑ	1	0.1667270021763383	0	1	1.0
18	ɑʋɑintɑ	ɑʋɑinɑ	2	0.11373301942483915	1	0	1.0
18	ɑʋɑintɑ	ɑʋɑiniɑ	3	0.09521445198071689	1	0	1.0
18	ɑʋɑintɑ	ɑʋɑiɲtɑ	4	0.09390073125163127	1	0	1.0
18	ɑʋɑintɑ	ɑʋɑinɛɑ	5	0.09074704372386998	1	0	1.0
18	ɑʋɑintɑ	ɑʋɑintæ	6	0.08870448396468116	1	0	1.0
18	ɑʋɑintɑ	ɑʋɑinːɑ	7	0.08816677906356996	1	0	1.0
18	ɑʋɑintɑ	ɑʋɑintːɑ	8	0.08813952977788832	1	0	1.0
18	ɑʋɑintɑ	ɑʋɑinuɑ	9	0.0877323162888181	1	0	1.0
18	ɑʋɑintɑ	ɑʋɑinɲtɑ	10	0.0869346423476469	1	0	1.0
19	hɑihin	hɑiːn	1	0.18826653552126413	2	0	0.4285714328289032
19	hɑihin	hɑiːseːn	2	0.09906266482198231	4	0	0.4285714328289032
19	hɑihin	hɑihn	3	0.09377544244625526	1	0	0.4285714328289032
19	hɑihin	hɑieːn	4	0.09270026740020913	2	0	0.4285714328289032
19	hɑihin	hɑteːn	5	0.08940888618499218	3	0	0.4285714328289032
19	hɑihin	hɑi;n	6	0.08928692515366989	2	0	0.4285714328289032
19	hɑihin	hɑiːneːn	7	0.08835820701928673	4	0	0.4285714328289032
19	hɑihin	hɑitn	8	0.08794099373825283	2	0	0.4285714328289032
19	hɑihin	hɑjːn	9	0.08577349134621831	3	0	0.4285714328289032
19	hɑihin	hɑiːnøːn	10	0.08542658636786922	4	0	0.4285714328289032
20	hɑilːe	hɑilːe	1	0.1933610157212254	0	1	0.9444444179534912
20	hɑilːe	hɑilːelːe	2	0.09619738433639526	3	0	0.9444444179534912
20	hɑilːe	hɑilːesːe	3	0.09482921592513086	3	0	0.9444444179534912
20	hɑilːe	hɑlilːe	4	0.09107879670577147	1	0	0.9444444179534912
20	hɑilːe	hɑdilːe	5	0.0897780659854748	1	0	0.9444444179534912
20	hɑilːe	hɑjːlːe	6	0.08889023417453629	2	0	0.9444444179534912
20	hɑilːe	hɑ;ilːe	7	0.088556343090702	1	0	0.9444444179534912
20	hɑilːe	hɑiːlːe	8	0.08801840224033947	1	0	0.9444444179534912
20	hɑilːe	hɑilː;e	9	0.08518352565621307	1	0	0.9444444179534912
20	hɑilːe	hɑelːe	10	0.08410701616421137	1	0	0.9444444179534912
21	hɑin	hɑin	1	0.2269138004610105	0	1	1.0
21	hɑin	hɑisːɑ	2	0.09288598308843755	3	0	1.0
21	hɑin	hɑinan	3	0.0874094985254066	2	0	1.0
21	hɑin	hɑdin	4	0.08677065465948805	1	0	1.0
21	hɑin	hɑinen	5	0.08549091414058992	2	0	1.0
21	hɑin	hɑinɑn	6	0.08517164375566871	2	0	1.0
21	hɑin	hɑinɨn	7	0.0851396051227122	2	0	1.0
21	hɑin	hɑjn	8	0.08473446210858526	1	0	1.0
21	hɑin	hɑiːn	9	0.08303671076941896	1	0	1.0
21	hɑin	hɑbin	10	0.08244672736868223	1	0	1.0
22	hɑisːɑ	hɑisːɑ	1	0.19074358987913603	0	1	1.0
22	hɑisːɑ	hɑisːæ	2	0.09630780093058999	1	0	1.0
22	hɑisːɑ	hɑisːɑsːɑ	3	0.09518830862985561	3	0	1.0
22	hɑisːɑ	hɑiːsːɑ	4	0.09110895460496009	1	0	1.0
22	hɑisːɑ	hɑjːsːɑ	5	0.09048305726846276	2	0	1.0
22	hɑisːɑ	hɑdisːɑ	6	0.09011996397461408	1	0	1.0
22	hɑisːɑ	hɑisːɑːɑ	7	0.08755329795276467	2	0	1.0
22	hɑisːɑ	hɑistɑ	8	0.08665969820132406	1	0	1.0
22	hɑisːɑ	hɑisːɑgɑ	9	0.08663285558435256	2	0	1.0
22	hɑisːɑ	hɑesːɑ	10	0.08520247297394014	1	0	1.0
23	hɑistɑ	hɑistɑ	1	0.18712136382160516	0	1	0.9333333373069763
23	hɑistɑ	hɑisestɑ	2	0.09857024776473543	2	0	0.9333333373069763
23	hɑistɑ	hɑistæ	3	0.09519367988661616	1	0	0.9333333373069763
23	hɑistɑ	hɑistɑstɑ	4	0.09457598908601955	3	0	0.9333333373069763
23	hɑistɑ	hɑistɑgtɑ	5	0.09099514358405743	3	0	0.9333333373069763
23	hɑistɑ	hɑjstɑ	6	0.08936229350772366	1	0	0.9333333373069763
23	hɑistɑ	hɑdistɑ	7	0.0882014703096857	1	0	0.9333333373069763
23	hɑistɑ	hɑikstɑ	8	0.08662994732150459	1	0	0.9333333373069763
23	hɑistɑ	hɑistɑːɑ	9	0.08567529030989798	2	0	0.9333333373069763
23	hɑistɑ	hɑisːɑ	10	0.08367457440815435	1	0	0.9333333373069763
24	hɑitɑ	hɑiɑ	1	0.22386765750058268	1	0	0.8500000238418579
24	hɑitɑ	hɑitɑ	2	0.0997315456193991	0	1	0.8500000238418579
24	hɑitɑ	hɑjtɑ	3	0.09371037913709156	1	0	0.8500000238418579
24	hɑitɑ	hɑ;tɑ	4	0.09195991816671532	1	0	0.8500000238418579
24	hɑitɑ	hɑiɑztɑ	5	0.0863779289270512	2	0	0.8500000238418579
24	hɑitɑ	hɑhtɑ	6	0.0848857322437075	1	0	0.8500000238418579
24	hɑitɑ	hɑtɑ	7	0.08242609602650873	1	0	0.8500000238418579
24	hɑitɑ	hɑiɑgɑ	8	0.08029718184155273	2	0	0.8500000238418579
24	hɑitɑ	hɑiɑː	9	0.07872840972223678	2	0	0.8500000238418579
24	hɑitɑ	hɑiæ	10	0.0780151508151544	2	0	0.8500000238418579
25	hɑmeːlːe	hɑmelːe	1	0.1693485473460678	1	0	0.6875
25	hɑmeːlːe	hɑmeːlːe	2	0.11037065439638566	0	1	0.6875
25	hɑmeːlːe	hɑmːelːe	3	0.09765111450699206	2	0	0.6875
25	hɑmeːlːe	hɑmdelːe	4	0.09018099602658029	2	0	0.6875
25	hɑmeːlːe	hɑmtelːe	5	0.08991587061133861	2	0	0.6875
25	hɑmeːlːe	hɑmelːelːe	6	0.08942094579790846	2	0	0.6875
25	hɑmeːlːe	hɑmelːesːe	7	0.08899125409616707	3	0	0.6875
25	hɑmeːlːe	hɑmeklːe	8	0.08854649037256833	1	0	0.6875
25	hɑmeːlːe	hɑmesːe	9	0.08794295016170693	2	0	0.6875
25	hɑmeːlːe	hɑm;elːe	10	0.08763117668428479	2	0	0.6875
26	hɑmeːn	hɑmen	1	0.16846628780609996	1	0	0.7894737124443054
26	hɑmeːn	hɑmeːn	2	0.1483829938863582	0	1	0.7894737124443054
26	hɑmeːn	hɑmesːɑ	3	0.10062282149602528	2	0	0.7894737124443054
26	hɑmeːn	hɑmelːɑ	4	0.0899671896405166	2	0	0.7894737124443054
26	hɑmeːn	hɑmeːsːɑ	5	0.08458082345460828	3	0	0.7894737124443054
26	hɑmeːn	hɑmːen	6	0.08425494564422943	2	0	0.7894737124443054
26	hɑmeːn	hɑmekn	7	0.08367572655737865	1	0	0.7894737124443054
26	hɑmeːn	hɑmẽn	8	0.08101038186787982	1	0	0.7894737124443054
26	hɑmeːn	hɑmeen	9	0.08046784422397826	1	0	0.7894737124443054
26	hɑmeːn	hɑmeksːɑ	10	0.0785709854229255	3	0	0.7894737124443054
27	hɑmeːseːn	hɑmeːn	1	0.1685015226751399	3	0	0.8666666746139526
27	hɑmeːseːn	hɑmeːseːn	2	0.11764232849557746	0	1	0.8666666746139526
27	hɑmeːseːn	hɑmteːn	3	0.09429061040812092	3	0	0.8666666746139526
27	hɑmeːseːn	hɑmːeːn	4	0.09260403336831793	2	0	0.8666666746139526
27	hɑmeːseːn	hɑm;eːn	5	0.09192912685361013	3	0	0.8666666746139526
27	hɑmeːseːn	hɑmetːn	6	0.08983313711569506	3	0	0.8666666746139526
27	hɑmeːseːn	hɑmeːːn	7	0.08878653102793871	2	0	0.8666666746139526
27	hɑmeːseːn	hɑmeːsːn	8	0.08747321722594412	1	0	0.8666666746139526
27	hɑmeːseːn	hɑmeːneːn	9	0.08589468736359404	1	0	0.8666666746139526
27	hɑmeːseːn	hɑmeːniːn	10	0.08304480546606176	2	0	0.8666666746139526
28	hɑmeːsːɑ	hɑmesːɑ	1	0.15173948803812853	1	0	0.75
28	hɑmeːsːɑ	hɑmeːsːɑ	2	0.14112448540819206	0	1	0.75
28	hɑmeːsːɑ	hɑmeksːɑ	3	0.10358571970324494	1	0	0.75
28	hɑmeːsːɑ	hɑmetːɑ	4	0.09402056302449603	2	0	0.75
28	hɑmeːsːɑ	hɑmelːɑ	5	0.0906925482630257	2	0	0.75
28	hɑmeːsːɑ	hɑmːesːɑ	6	0.08894515619225758	2	0	0.75
28	hɑmeːsːɑ	hɑmedːɑ	7	0.08388983599456407	2	0	0.75
28	hɑmeːsːɑ	hɑmeesːɑ	8	0.08378990595526722	1	0	0.75
28	hɑmeːsːɑ	hɑmesːɑsːɑ	9	0.08167643593748165	2	0	0.75
28	hɑmeːsːɑ	hɑmeːsːɑsːɑ	10	0.08053586148334223	3	0	0.75
29	hɑmeːstɑ	hɑmestɑ	1	0.15157215801694537	1	0	0.7777777910232544
29	hɑmeːstɑ	hɑmeːstɑ	2	0.1281366451566332	0	1	0.7777777910232544
29	hɑmeːstɑ	hɑmekstɑ	3	0.10376639836516294	1	0	0.7777777910232544
29	hɑmeːstɑ	hɑmetːɑ	4	0.10194384150522931	3	0	0.7777777910232544
29	hɑmeːstɑ	hɑmedestɑ	5	0.09080424991703895	2	0	0.7777777910232544
29	hɑmeːstɑ	hɑmesestɑ	6	0.08860058852846002	2	0	0.7777777910232544
29	hɑmeːstɑ	hɑmːestɑ	7	0.08738957986517634	2	0	0.7777777910232544
29	hɑmeːstɑ	hɑmeltɑ	8	0.08563197087122314	2	0	0.7777777910232544
29	hɑmeːstɑ	hɑmestɑstɑ	9	0.0818201014213598	3	0	0.7777777910232544
29	hɑmeːstɑ	hɑmestæ	10	0.08033446635277093	2	0	0.7777777910232544
30	hɑmetːɑ	hɑmetːɑ	1	0.16833314121745296	0	1	0.6111111044883728
30	hɑmetːɑ	hɑmeːtːɑ	2	0.10599574651635213	1	0	0.6111111044883728
30	hɑmetːɑ	hɑmeɑ	3	0.10106313228851299	2	0	0.6111111044883728
30	hɑmetːɑ	hɑm;etːɑ	4	0.09558018243318515	1	0	0.6111111044883728
30	hɑmetːɑ	hɑmtːɑ	5	0.09323471958509305	1	0	0.6111111044883728
30	hɑmetːɑ	hɑmetːæ	6	0.09004328516324626	1	0	0.6111111044883728
30	hɑmetːɑ	hɑmestɑ	7	0.0871518683079942	2	0	0.6111111044883728
30	hɑmetːɑ	hɑmetːɑzːɑ	8	0.08673476068078326	3	0	0.6111111044883728
30	hɑmetːɑ	hɑmetːɑstɑ	9	0.0865008891243627	3	0	0.6111111044883728
30	hɑmetːɑ	hɑmetːɑːɑ	10	0.08536227468301728	2	0	0.6111111044883728
31	heʋoseːn	heʋonen	1	0.128518259152057	2	0	0.8823529481887817
31	heʋoseːn	heʋoneːn	2	0.11934130580796054	1	0	0.8823529481887817
31	heʋoseːn	heʋosen	3	0.10958241079655033	1	0	0.8823529481887817
31	heʋoseːn	heʋoseːn	4	0.10665474653802609	0	1	0.8823529481887817
31	heʋoseːn	heʋonesːn	5	0.09458488616684092	2	0	0.8823529481887817
31	heʋoseːn	heʋoneseːn	6	0.09293895212363712	2	0	0.8823529481887817
31	heʋoseːn	heʋonemeːn	7	0.09001666190700314	3	0	0.8823529481887817
31	heʋoseːn	heʋoneːseːn	8	0.08893793124245353	3	0	0.8823529481887817
31	heʋoseːn	heʋoeneːn	9	0.085616781844072	2	0	0.8823529481887817
31	heʋoseːn	heʋonetːn	10	0.08380806442139932	2	0	0.8823529481887817
32	heʋoselːe	heʋoselːe	1	0.12201388201099395	0	1	1.0
32	heʋoselːe	heʋonelːe	2	0.12034295502543829	1	0	1.0
32	heʋoselːe	heʋonen	3	0.1104115675419917	4	0	1.0
32	heʋoselːe	heʋonesːe	4	0.10085118695771361	2	0	1.0
32	heʋoselːe	heʋoneːlːe	5	0.09774618970750813	2	0	1.0
32	heʋoselːe	heʋoneːn	6	0.09679513914665268	3	0	1.0
32	heʋoselːe	heʋonemelːe	7	0.09291686564635226	3	0	1.0
32	heʋoselːe	heʋoneklːe	8	0.08798638334100702	2	0	1.0
32	heʋoselːe	heʋoseːlːe	9	0.08654771759477634	1	0	1.0
32	heʋoselːe	heʋoneɲːe	10	0.08438811302756602	2	0	1.0
33	heʋosen	heʋonen	1	0.14673651137496954	1	0	1.0
33	heʋosen	heʋosen	2	0.12779977554613975	0	1	1.0
33	heʋosen	heʋoneːn	3	0.10416801895041275	2	0	1.0
33	heʋosen	heʋonesen	4	0.10315907667933386	2	0	1.0
33	heʋosen	heʋonemen	5	0.09312372054135998	3	0	1.0
33	heʋosen	heʋoenen	6	0.08955226057832148	2	0	1.0
33	heʋosen	heʋonesːɑ	7	0.0888237323246952	4	0	1.0
33	heʋosen	heʋonekn	8	0.08421611562215109	2	0	1.0
33	heʋosen	heʋomen	9	0.08212993939582244	1	0	1.0
33	heʋosen	heʋːnen	10	0.08029084898679391	2	0	1.0
34	heʋosesːɑ	heʋonen	1	0.11503974130590937	4	0	1.0
34	heʋosesːɑ	heʋosesːɑ	2	0.1106366956381184	0	1	1.0
34	heʋosesːɑ	heʋonesːɑ	3	0.10976303190779768	1	0	1.0
34	heʋosesːɑ	heʋosen	4	0.10919851957030069	3	0	1.0
34	heʋosesːɑ	heʋoneːn	5	0.10010096414501148	3	0	1.0
34	heʋosesːɑ	heʋoseːn	6	0.09671480484096873	2	0	1.0
34	heʋosesːɑ	heʋoneːsːɑ	7	0.0908453238947516	2	0	1.0
34	heʋosesːɑ	heʋonenisːɑ	8	0.09057716495180505	3	0	1.0
34	heʋosesːɑ	heʋoneksːɑ	9	0.08865851754463903	2	0	1.0
34	heʋosesːɑ	heʋoseksːɑ	10	0.088465236200698	1	0	1.0
35	heʋosestɑ	heʋosestɑ	1	0.11379724109634987	0	1	1.0
35	heʋosestɑ	heʋonestɑ	2	0.11179844781349955	1	0	1.0
35	heʋosestɑ	heʋonenistɑ	3	0.10767491777464508	3	0	1.0
35	heʋosestɑ	heʋonenestɑ	4	0.10195007142172931	3	0	1.0
35	heʋosestɑ	heʋosenistɑ	5	0.09968845711703009	2	0	1.0
35	heʋosestɑ	heʋosenestɑ	6	0.09628462326804797	2	0	1.0
35	heʋosestɑ	heʋonenɑstɑ	7	0.0948540540468745	3	0	1.0
35	heʋosestɑ	heʋoneːnistɑ	8	0.0922959705457035	4	0	1.0
35	heʋosestɑ	heʋonentɑ	9	0.0914920353284329	2	0	1.0
35	heʋosestɑ	heʋoneːn	10	0.09016418158768723	4	0	1.0
36	heʋostɑ	heʋonentɑ	1	0.13970162739608802	3	0	0.9473684430122375
36	heʋostɑ	heʋosentɑ	2	0.12063013976976636	2	0	0.9473684430122375
36	heʋostɑ	heʋoneːntɑ	3	0.10039105768152165	4	0	0.9473684430122375
36	heʋostɑ	heʋonentæ	4	0.0956150443314602	4	0	0.9473684430122375
36	heʋostɑ	heʋonestɑ	5	0.09500412789762279	2	0	0.9473684430122375
36	heʋostɑ	heʋoneːniɑ	6	0.09231058432326657	5	0	0.9473684430122375
36	heʋostɑ	heʋonentːɑ	7	0.09114237788706842	4	0	0.9473684430122375
36	heʋostɑ	heʋoneniɑ	8	0.09050215662794411	4	0	0.9473684430122375
36	heʋostɑ	heʋonetːɑ	9	0.08926170225732744	3	0	0.9473684430122375
36	heʋostɑ	heʋomentɑ	10	0.08544118182793446	3	0	0.9473684430122375
37	kɑːreːn	kɑːriːn	1	0.16882081056364057	1	0	0.6666666865348816
37	kɑːreːn	kɑːreːn	2	0.1089378869106713	0	1	0.6666666865348816
37	kɑːreːn	kɑːriːseːn	3	0.09856900790129201	3	0	0.6666666865348816
37	kɑːreːn	kɑhriːn	4	0.09161501889110239	2	0	0.6666666865348816
37	kɑːreːn	kɑːrtːn	5	0.09042762290600832	1	0	0.6666666865348816
37	kɑːreːn	kɑːriːneːn	6	0.09023471549999743	3	0	0.6666666865348816
37	kɑːreːn	kɑːrteːn	7	0.0891700299157374	1	0	0.6666666865348816
37	kɑːreːn	kɑːriːniːn	8	0.08882021277288976	4	0	0.6666666865348816
37	kɑːreːn	kɑːriːnøːn	9	0.08715278585398469	4	0	0.6666666865348816
37	kɑːreːn	kɑtriːn	10	0.08625190878467616	2	0	0.6666666865348816
38	kɑːrelːe	kɑːrilːe	1	0.1678631473202412	1	0	0.6111111044883728
38	kɑːrelːe	kɑːrelːe	2	0.11168184104129575	0	1	0.6111111044883728
38	kɑːrelːe	kɑːrilːelːe	3	0.0925421641240174	3	0	0.6111111044883728
38	kɑːrelːe	kɑːrilːesːe	4	0.09186094172464038	4	0	0.6111111044883728
38	kɑːrelːe	kɑːdrilːe	5	0.09178943581437152	2	0	0.6111111044883728
38	kɑːrelːe	kɑːtrilːe	6	0.09134916927255567	2	0	0.6111111044883728
38	kɑːrelːe	kɑhrilːe	7	0.08971189092358511	2	0	0.6111111044883728
38	kɑːrelːe	kɑtrilːe	8	0.08842398524654152	2	0	0.6111111044883728
38	kɑːrelːe	kɑːrisːe	9	0.08792729687297728	2	0	0.6111111044883728
38	kɑːrelːe	kɑːrilː;e	10	0.08685012765977418	2	0	0.6111111044883728
39	kɑːren	kɑːrin	1	0.1866629866834174	1	0	0.5714285969734192
39	kɑːren	kɑːren	2	0.11268975156253903	0	1	0.5714285969734192
39	kɑːren	kɑːrisːɑ	3	0.09401767099853658	4	0	0.5714285969734192
39	kɑːren	kɑːtrin	4	0.08887450126011986	2	0	0.5714285969734192
39	kɑːren	kɑːdrin	5	0.08787416137964982	2	0	0.5714285969734192
39	kɑːren	kɑːriːn	6	0.0871541874922617	2	0	0.5714285969734192
39	kɑːren	kɑːrinan	7	0.08635123015767357	3	0	0.5714285969734192
39	kɑːren	kɑːrinen	8	0.0858487966692262	2	0	0.5714285969734192
39	kɑːren	kɑhrin	9	0.08545404299510781	2	0	0.5714285969734192
39	kɑːren	kɑːrinɨn	10	0.08507267080146802	3	0	0.5714285969734192
40	kɑːresːɑ	kɑːrisːɑ	1	0.16636236578975808	1	0	0.5789473652839661
40	kɑːresːɑ	kɑːresːɑ	2	0.11610956914170577	0	1	0.5789473652839661
40	kɑːresːɑ	kɑːrisːæ	3	0.09443102600062334	2	0	0.5789473652839661
40	kɑːresːɑ	kɑːrisːɑsːɑ	4	0.09189438031749245	4	0	0.5789473652839661
40	kɑːresːɑ	kɑːdrisːɑ	5	0.09150232644831054	2	0	0.5789473652839661
40	kɑːresːɑ	kɑːrdisːɑ	6	0.0897383280918983	2	0	0.5789473652839661
40	kɑːresːɑ	kɑhrisːɑ	7	0.08826488727047946	2	0	0.5789473652839661
40	kɑːresːɑ	kɑːristɑ	8	0.08745220477016094	2	0	0.5789473652839661
40	kɑːresːɑ	kɑtrisːɑ	9	0.0872249591454629	2	0	0.5789473652839661
40	kɑːresːɑ	kɑːrisːɑːɑ	10	0.08701995302410824	3	0	0.5789473652839661
41	kɑːrestɑ	kɑːristɑ	1	0.1633636863841535	1	0	0.5384615659713745
41	kɑːrestɑ	kɑːrestɑ	2	0.11243448075649634	0	1	0.5384615659713745
41	kɑːrestɑ	kɑːrisestɑ	3	0.0967905767452871	2	0	0.5384615659713745
41	kɑːrestɑ	kɑːristæ	4	0.09576396197684574	2	0	0.5384615659713745
41	kɑːrestɑ	kɑːristɑstɑ	5	0.09081245061564497	4	0	0.5384615659713745
41	kɑːrestɑ	kɑːrikstɑ	6	0.08956364623687216	2	0	0.5384615659713745
41	kɑːrestɑ	kɑːtristɑ	7	0.0895190003806794	2	0	0.5384615659713745
41	kɑːrestɑ	kɑːrisːɑ	8	0.0885582047607318	2	0	0.5384615659713745
41	kɑːrestɑ	kɑhristɑ	9	0.08710168618581633	2	0	0.5384615659713745
41	kɑːrestɑ	kɑtristɑ	10	0.08609230595747268	2	0	0.5384615659713745
42	kɑːrtɑ	kɑːriɑ	1	0.18425666184524628	1	0	0.3333333432674408
42	kɑːrtɑ	kɑːreɑ	2	0.10687241344031374	1	0	0.3333333432674408
42	kɑːrtɑ	kɑːrtɑ	3	0.10431351497563703	0	1	0.3333333432674408
42	kɑːrtɑ	kɑːtriɑ	4	0.0894302662549791	2	0	0.3333333432674408
42	kɑːrtɑ	kɑːriæ	5	0.08937775251573579	2	0	0.3333333432674408
42	kɑːrtɑ	kɑhriɑ	6	0.08727904721544079	2	0	0.3333333432674408
42	kɑːrtɑ	kɑːrjɑ	7	0.08604153678291054	1	0	0.3333333432674408
42	kɑːrtɑ	kɑːriɑztɑ	8	0.08506295726743114	3	0	0.3333333432674408
42	kɑːrtɑ	kɑːriɑk	9	0.0840333416842455	2	0	0.3333333432674408
42	kɑːrtɑ	kɑːrɑː	10	0.08333250801806008	2	0	0.3333333432674408
43	kæʋylːe	kæpylːe	1	0.18186092641934265	1	0	1.0
43	kæʋylːe	kæpːylːe	2	0.09643747775511063	2	0	1.0
43	kæʋylːe	kæpylːelːe	3	0.09544199459879465	4	0	1.0
43	kæʋylːe	kæpylːesːe	4	0.09479578515779301	4	0	1.0
43	kæʋylːe	kæpdylːe	5	0.09287249118029142	2	0	1.0
43	kæʋylːe	kæʋylːe	6	0.08931315410118397	0	1	1.0
43	kæʋylːe	kæpølːe	7	0.08746724494801585	2	0	1.0
43	kæʋylːe	kæpælːe	8	0.0874213856364457	2	0	1.0
43	kæʋylːe	kædylːe	9	0.08735314392943831	1	0	1.0
43	kæʋylːe	kæːylːe	10	0.08703639627358378	1	0	1.0
44	kæʋystæ	kæpystæ	1	0.1758558394466247	1	0	0.949999988079071
44	kæʋystæ	kæpysestæ	2	0.09902782369771003	3	0	0.949999988079071
44	kæʋystæ	kæpystɑ	3	0.09837851517088883	2	0	0.949999988079071
44	kæʋystæ	kæpystæstæ	4	0.09354377725472487	4	0	0.949999988079071
44	kæʋystæ	kæpːystæ	5	0.09302642449291901	2	0	0.949999988079071
44	kæʋystæ	kæpyːstæ	6	0.09152793941218845	2	0	0.949999988079071
44	kæʋystæ	kæʋystæ	7	0.08899174274985162	0	1	0.949999988079071
44	kæʋystæ	kæpysːæ	8	0.08687010881276216	2	0	0.949999988079071
44	kæʋystæ	kæpystæːæ	9	0.0866727485131989	3	0	0.949999988079071
44	kæʋystæ	kædystæ	10	0.08610508044913143	1	0	0.949999988079071
45	kæʋyn	kæpyn	1	0.20738520904233257	1	0	0.9473684430122375
45	kæʋyn	kæpynkæ	2	0.0936210001067379	3	0	0.9473684430122375
45	kæʋyn	kæpyːn	3	0.09252016482595381	2	0	0.9473684430122375
45	kæʋyn	kæpːyn	4	0.09008716672439124	2	0	0.9473684430122375
45	kæʋyn	kæpynan	5	0.08792647685347531	3	0	0.9473684430122375
45	kæʋyn	kæpynen	6	0.08721866987851251	3	0	0.9473684430122375
45	kæʋyn	kæpynɨn	7	0.08651661989521253	3	0	0.9473684430122375
45	kæʋyn	kæʋyn	8	0.0862192258258949	0	1	0.9473684430122375
45	kæʋyn	kæpynøn	9	0.0861050959911763	3	0	0.9473684430122375
45	kæʋyn	kædyn	10	0.08240037085631292	1	0	0.9473684430122375
46	kæpyːn	kæpyːn	1	0.18837958774467684	0	1	0.75
46	kæpyːn	kæpyːseːn	2	0.1079518532716046	3	0	0.75
46	kæpyːn	kæpyːneːn	3	0.09460200501449921	3	0	0.75
46	kæpyːn	kæpyːniːn	4	0.09174346484697053	3	0	0.75
46	kæpyːn	kæpyːnyːn	5	0.09158001798991339	3	0	0.75
46	kæpyːn	kæpyːnøːn	6	0.09149372766390822	3	0	0.75
46	kæpyːn	kæpyːntn	7	0.08430660995915351	2	0	0.75
46	kæpyːn	kæpyːnɨn	8	0.08402814939459365	2	0	0.75
46	kæpyːn	kæpyːnaːn	9	0.08338642017812342	3	0	0.75
46	kæpyːn	kæpæːn	10	0.08252816393655667	1	0	0.75
47	kæʋysːæ	kæpysːæ	1	0.1755817808907998	1	0	0.9230769276618958
47	kæʋysːæ	kæpysːɑ	2	0.10216123196339011	2	0	0.9230769276618958
47	kæʋysːæ	kæpːysːæ	3	0.09423796663309224	2	0	0.9230769276618958
47	kæʋysːæ	kæpysːæsːæ	4	0.09251314704217226	4	0	0.9230769276618958
47	kæʋysːæ	kæpysːæzːæ	5	0.09152477496749245	4	0	0.9230769276618958
47	kæʋysːæ	kæpdysːæ	6	0.09117081855647313	2	0	0.9230769276618958
47	kæʋysːæ	kæʋysːæ	7	0.09037500219183991	0	1	0.9230769276618958
47	kæʋysːæ	kæpystæ	8	0.08891818198896412	2	0	0.9230769276618958
47	kæʋysːæ	kædysːæ	9	0.08718837845220535	1	0	0.9230769276618958
47	kæʋysːæ	kæpysːæːæ	10	0.08632871731357063	3	0	0.9230769276618958
48	kæpyæ	kæpyæ	1	0.2113813551454091	0	1	0.8823529481887817
48	kæpyæ	kæpːyæ	2	0.09314444654214157	1	0	0.8823529481887817
48	kæpyæ	kæpyæztæ	3	0.09313008858046488	3	0	0.8823529481887817
48	kæpyæ	æpypyæ	4	0.08937521500003688	3	0	0.8823529481887817
48	kæpyæ	kæpyæk	5	0.08826939498517448	1	0	0.8823529481887817
48	kæpyæ	kæpæː	6	0.08744166331262113	2	0	0.8823529481887817
48	kæpyæ	kæpyɑ	7	0.08735044689300261	1	0	0.8823529481887817
48	kæpyæ	kæpyæː	8	0.08468666276541255	1	0	0.8823529481887817
48	kæpyæ	kæpyæzːæ	9	0.08311246484098149	3	0	0.8823529481887817
48	kæpyæ	kæpøæ	10	0.08210826193475532	1	0	0.8823529481887817
49	kɑulimeːn	kɑulin	1	0.16704333558019396	3	0	0.5263158082962036
49	kɑulimeːn	kɑulimeːn	2	0.10221009871412545	0	1	0.5263158082962036
49	kɑulimeːn	kɑuliseːn	3	0.09971918363992635	1	0	0.5263158082962036
49	kɑulimeːn	kɑuliɲːn	4	0.09800624273756764	2	0	0.5263158082962036
49	kɑulimeːn	kɑulisːn	5	0.09572799316170053	2	0	0.5263158082962036
49	kɑulimeːn	kɑuliːn	6	0.09292824464124352	2	0	0.5263158082962036
49	kɑulimeːn	kɑulieːn	7	0.08760563452840438	1	0	0.5263158082962036
49	kɑulimeːn	kɑuliŋːn	8	0.08698463239065586	2	0	0.5263158082962036
49	kɑulimeːn	kɑulinːn	9	0.08628481584248464	2	0	0.5263158082962036
49	kɑulimeːn	kɑuli;n	10	0.08348981876369765	3	0	0.5263158082962036
50	kɑulimelːe	kɑulinilːe	1	0.11289829324925203	2	0	0.5789473652839661
50	kɑulimelːe	kɑulinelːe	2	0.1124128950234115	1	0	0.5789473652839661
50	kɑulimelːe	kɑulinɑlːe	3	0.1100507699343108	2	0	0.5789473652839661
50	kɑulimelːe	kɑulinlːe	4	0.10320717695167411	2	0	0.5789473652839661
50	kɑulimelːe	kɑulinulːe	5	0.10047831991427195	2	0	0.5789473652839661
50	kɑulimelːe	kɑulin	6	0.0975413196437816	5	0	0.5789473652839661
50	kɑulimelːe	kɑulinːe	7	0.09289887085721933	3	0	0.5789473652839661
50	kɑulimelːe	kɑuliɲːe	8	0.09196111339116109	3	0	0.5789473652839661
50	kɑulimelːe	kɑulinɛlːe	9	0.09052839690912884	2	0	0.5789473652839661
50	kɑulimelːe	kɑulisːe	10	0.08802284412578876	3	0	0.5789473652839661
51	kɑulimen	kɑulin	1	0.17516655779314377	2	0	0.6000000238418579
51	kɑulimen	kɑulimen	2	0.10195114541131814	0	1	0.6000000238418579
51	kɑulimen	kɑulisen	3	0.10165590659286786	1	0	0.6000000238418579
51	kɑulimen	kɑuliɲn	4	0.09579527205914344	2	0	0.6000000238418579
51	kɑulimen	kɑuliʋen	5	0.09060667225330948	1	0	0.6000000238418579
51	kɑulimen	kɑuliːn	6	0.08867707875996214	2	0	0.6000000238418579
51	kɑulimen	kɑuliden	7	0.08777405157027864	1	0	0.6000000238418579
51	kɑulimen	kɑulisːɑ	8	0.08711822080723833	3	0	0.6000000238418579
51	kɑulimen	kɑulion	9	0.08632046028973957	2	0	0.6000000238418579
51	kɑulimen	kɑulinan	10	0.08493463446299862	2	0	0.6000000238418579
52	kɑulimesːɑ	kɑulin	1	0.11706114132430062	5	0	0.375
52	kɑulimesːɑ	kɑulinisːɑ	2	0.11516098133932172	2	0	0.375
52	kɑulimesːɑ	kɑulinɑsːɑ	3	0.1124169298477003	2	0	0.375
52	kɑulimesːɑ	kɑulinesːɑ	4	0.11034506909865706	1	0	0.375
52	kɑulimesːɑ	kɑulinusːɑ	5	0.09606274409168966	2	0	0.375
52	kɑulimesːɑ	kɑulisːɑ	6	0.09409842932296993	2	0	0.375
52	kɑulimesːɑ	kɑulimesːɑ	7	0.0895494045486228	0	1	0.375
52	kɑulimesːɑ	kɑulinsːɑ	8	0.0891071693181546	2	0	0.375
52	kɑulimesːɑ	kɑulinɛsːɑ	9	0.08810755901227049	2	0	0.375
52	kɑulimesːɑ	kɑulinːɑ	10	0.08809057209631282	3	0	0.375
53	kɑulimestɑ	kɑulinistɑ	1	0.12145640242257974	2	0	0.529411792755127
53	kɑulimestɑ	kɑulinestɑ	2	0.11683397368325932	1	0	0.529411792755127
53	kɑulimestɑ	kɑulinɑstɑ	3	0.11666087739186871	2	0	0.529411792755127
53	kɑulimestɑ	kɑulistɑ	4	0.09837227384023756	2	0	0.529411792755127
53	kɑulimestɑ	kɑulinustɑ	5	0.09617548029459431	2	0	0.529411792755127
53	kɑulimestɑ	kɑulinstɑ	6	0.09589811275718854	2	0	0.529411792755127
53	kɑulimestɑ	kɑulintɑ	7	0.09563094363296339	3	0	0.529411792755127
53	kɑulimestɑ	kɑulimestɑ	8	0.08922225427889971	0	1	0.529411792755127
53	kɑulimestɑ	kɑulinːɑ	9	0.08558914487086844	4	0	0.529411792755127
53	kɑulimestɑ	kɑulinɛstɑ	10	0.0841605368275403	2	0	0.529411792755127
54	kɑulintɑ	kɑulintɑ	1	0.15838474211874534	0	1	0.949999988079071
54	kɑulintɑ	kɑulinɑ	2	0.10593085214320234	1	0	0.949999988079071
54	kɑulintɑ	kɑuliniɑ	3	0.09902414239993494	1	0	0.949999988079071
54	kɑulintɑ	kɑuliɲtɑ	4	0.09847433724457645	1	0	0.949999988079071
54	kɑulintɑ	kɑulistɑ	5	0.09297591523518889	1	0	0.949999988079071
54	kɑulintɑ	kɑulinɛɑ	6	0.09124448280416793	1	0	0.949999988079071
54	kɑulintɑ	kɑuliːntɑ	7	0.0904651705302136	1	0	0.949999988079071
54	kɑulintɑ	kɑulinuɑ	8	0.08903896443408844	1	0	0.949999988079071
54	kɑulintɑ	kɑulintːɑ	9	0.0877244020182861	1	0	0.949999988079071
54	kɑulintɑ	kɑulintɑstɑ	10	0.08673699107159595	3	0	0.949999988079071
55	kilpeæ	kilpiæ	1	0.17579977345233458	1	0	0.529411792755127
55	kilpeæ	kilpiɑ	2	0.1115404055571583	2	0	0.529411792755127
55	kilpeæ	kilpeæ	3	0.10671951905393075	0	1	0.529411792755127
55	kilpeæ	kilptæ	4	0.10171151216154217	1	0	0.529411792755127
55	kilpeæ	kilpːæ	5	0.08814735752844036	1	0	0.529411792755127
55	kilpeæ	kilpjæ	6	0.08656467376468086	1	0	0.529411792755127
55	kilpeæ	kilp;iæ	7	0.0861502065963505	2	0	0.529411792755127
55	kilpeæ	kilpæː	8	0.082789803338864	2	0	0.529411792755127
55	kilpeæ	kilpiæk	9	0.08037453616887912	2	0	0.529411792755127
55	kilpeæ	kilpiæztæ	10	0.08020221237781938	4	0	0.529411792755127
56	kilpeːn	kilpiːn	1	0.16289049105240486	1	0	0.6153846383094788
56	kilpeːn	kilpeːn	2	0.11444976020777337	0	1	0.6153846383094788
56	kilpeːn	kilpːiːn	3	0.09583723082144162	2	0	0.6153846383094788
56	kilpeːn	kilpiːseːn	4	0.09437073472737242	3	0	0.6153846383094788
56	kilpeːn	kilptːn	5	0.09127667023333211	1	0	0.6153846383094788
56	kilpeːn	kilpteːn	6	0.09122450175472469	1	0	0.6153846383094788
56	kilpeːn	kilp;iːn	7	0.08876423069516165	2	0	0.6153846383094788
56	kilpeːn	kilpjːn	8	0.088096986940364	1	0	0.6153846383094788
56	kilpeːn	kilpiːneːn	9	0.0871707235345347	3	0	0.6153846383094788
56	kilpeːn	kilpiːniːn	10	0.08591867003289058	4	0	0.6153846383094788
57	kilʋelːe	kilpilːe	1	0.16462043621211808	2	0	0.47058823704719543
57	kilʋelːe	kilpelːe	2	0.11284545842400744	1	0	0.47058823704719543
57	kilʋelːe	kilbilːe	3	0.0965170842375548	2	0	0.47058823704719543
57	kilʋelːe	kilʋilːe	4	0.09185774763883152	1	0	0.47058823704719543
57	kilʋelːe	kilpilːelːe	5	0.09107484379717343	4	0	0.47058823704719543
57	kilʋelːe	kilʋelːe	6	0.09092549129103253	0	1	0.47058823704719543
57	kilʋelːe	kilpilːesːe	7	0.09009643824054665	5	0	0.47058823704719543
57	kilʋelːe	kilpːilːe	8	0.08978329081370921	3	0	0.47058823704719543
57	kilʋelːe	kilːilːe	9	0.08678106254970439	2	0	0.47058823704719543
57	kilʋelːe	kilpisːe	10	0.08549814679532194	3	0	0.47058823704719543
58	kilʋen	kilpin	1	0.18247242939394803	2	0	0.9444444179534912
58	kilʋen	kilpen	2	0.10901196960605886	1	0	0.9444444179534912
58	kilʋen	kilbin	3	0.0942252374026269	2	0	0.9444444179534912
58	kilʋen	kilpːin	4	0.09072778651391053	3	0	0.9444444179534912
58	kilʋen	kilʋen	5	0.09025396383011494	0	1	0.9444444179534912
58	kilʋen	kilpisːæ	6	0.0890398992280695	5	0	0.9444444179534912
58	kilʋen	kilʋin	7	0.08860973512432421	1	0	0.9444444179534912
58	kilʋen	kilpiːn	8	0.08653950773971222	3	0	0.9444444179534912
58	kilʋen	kilpinan	9	0.08465511205412947	4	0	0.9444444179534912
58	kilʋen	kilpjn	10	0.08446435910710534	2	0	0.9444444179534912
59	kilʋesːæ	kilpisːæ	1	0.14721534047161416	2	0	0.7894737124443054
59	kilʋesːæ	kilpisːɑ	2	0.12202979109239562	3	0	0.7894737124443054
59	kilʋesːæ	kilpesːæ	3	0.10699239772483808	1	0	0.7894737124443054
59	kilʋesːæ	kilbisːæ	4	0.0952977198111212	2	0	0.7894737124443054
59	kilʋesːæ	kilʋesːæ	5	0.09524449373528443	0	1	0.7894737124443054
59	kilʋesːæ	kilʋisːæ	6	0.09384481096232801	1	0	0.7894737124443054
59	kilʋesːæ	kilpesːɑ	7	0.08876176216607269	2	0	0.7894737124443054
59	kilʋesːæ	kilpːisːæ	8	0.08614744910600731	3	0	0.7894737124443054
59	kilʋesːæ	kilːisːæ	9	0.08334952957046068	2	0	0.7894737124443054
59	kilʋesːæ	kilpisːæsːæ	10	0.0811167053598778	5	0	0.7894737124443054
60	kilʋestæ	kilpistæ	1	0.1524829072442548	2	0	0.5333333611488342
60	kilʋestæ	kilpistɑ	2	0.1162801223468625	3	0	0.5333333611488342
60	kilʋestæ	kilpestæ	3	0.11134974601081574	1	0	0.5333333611488342
60	kilʋestæ	kilbistæ	4	0.09457683753240441	2	0	0.5333333611488342
60	kilʋestæ	kilʋestæ	5	0.09207737984553103	0	1	0.5333333611488342
60	kilʋestæ	kilʋistæ	6	0.09203037921697445	1	0	0.5333333611488342
60	kilʋestæ	kilpːistæ	7	0.0881996625277339	3	0	0.5333333611488342
60	kilʋestæ	kilpestɑ	8	0.08545361936655842	2	0	0.5333333611488342
60	kilʋestæ	kilpistæstæ	9	0.08466941515551199	5	0	0.5333333611488342
60	kilʋestæ	kilpisːæ	10	0.08287993075335276	3	0	0.5333333611488342
61	kirjɑː	kirjɑː	1	0.19291653802786504	0	1	1.0
61	kirjɑː	kirjːɑː	2	0.0945075533145517	1	0	1.0
61	kirjɑː	kirjɑːstɑ	3	0.09415122052524395	3	0	1.0
61	kirjɑː	kirjɑːtɑ	4	0.09208928207828186	2	0	1.0
61	kirjɑː	kir;jɑː	5	0.09031948863653576	1	0	1.0
61	kirjɑː	kjirjɑː	6	0.08963154641354139	1	0	1.0
61	kirjɑː	kirjɑːztɑ	7	0.08874387030044112	3	0	1.0
61	kirjɑː	kirjɑːgɑ	8	0.08718677536354966	2	0	1.0
61	kirjɑː	kirtɑː	9	0.08605952446393098	1	0	1.0
61	kirjɑː	kirjɑːn	10	0.08439420087605855	1	0	1.0
62	kirjɑːn	kirjɑːn	1	0.17396633887196541	0	1	0.7368420958518982
62	kirjɑːn	kirjɑːseːn	2	0.10140637535339582	3	0	0.7368420958518982
62	kirjɑːn	kirjːɑːn	3	0.09796979159241288	1	0	0.7368420958518982
62	kirjɑːn	kirjɑːneːn	4	0.09264229796430873	3	0	0.7368420958518982
62	kirjɑːn	kirjɑːniːn	5	0.09160093530823601	3	0	0.7368420958518982
62	kirjɑːn	kirjɑːnɑːn	6	0.08946868596415625	3	0	0.7368420958518982
62	kirjɑːn	kirj;ɑːn	7	0.08896271437696758	1	0	0.7368420958518982
62	kirjɑːn	kir;jɑːn	8	0.08878448409108904	1	0	0.7368420958518982
62	kirjɑːn	kirjɑːnaːn	9	0.08842719599694746	3	0	0.7368420958518982
62	kirjɑːn	kirtɑːn	10	0.08677118048052082	1	0	0.7368420958518982
63	kirjɑlːe	kirjɑlːe	1	0.1725517464729377	0	1	0.9375
63	kirjɑlːe	kirjːɑlːe	2	0.09754966841125594	1	0	0.9375
63	kirjɑlːe	kirjɑlːelːe	3	0.09529744536950589	3	0	0.9375
63	kirjɑlːe	kirjɑlːesːe	4	0.09451431929773559	3	0	0.9375
63	kirjɑlːe	kiriɑlːe	5	0.09338091245393525	1	0	0.9375
63	kirjɑlːe	kirtɑlːe	6	0.09001230498854393	1	0	0.9375
63	kirjɑlːe	kirjɑsːe	7	0.08995797430799915	1	0	0.9375
63	kirjɑlːe	kirjɑlːeːe	8	0.08963256921861344	2	0	0.9375
63	kirjɑlːe	kirjɑlː;e	9	0.0893637476223353	1	0	0.9375
63	kirjɑlːe	kirːɑlːe	10	0.08773931185713783	1	0	0.9375
64	kirjɑn	kirjɑn	1	0.19075852003874932	0	1	0.9047619104385376
64	kirjɑn	kirjɑːn	2	0.09668062187576207	1	0	0.9047619104385376
64	kirjɑn	kirjɑsːɑ	3	0.09649338549935978	3	0	0.9047619104385376
64	kirjɑn	kirjːɑn	4	0.09328391035641762	1	0	0.9047619104385376
64	kirjɑn	kirjɑnan	5	0.08782868236861514	2	0	0.9047619104385376
64	kirjɑn	kiriɑn	6	0.08763922621253804	1	0	0.9047619104385376
64	kirjɑn	kirjɑnen	7	0.08735684809836777	2	0	0.9047619104385376
64	kirjɑn	kirjɑnɨn	8	0.08680636604378911	2	0	0.9047619104385376
64	kirjɑn	kirjɑnin	9	0.08674287801461228	2	0	0.9047619104385376
64	kirjɑn	kirjɑnɑn	10	0.08640956149178888	2	0	0.9047619104385376
65	kirjɑsːɑ	kirjɑsːɑ	1	0.16840052377689152	0	1	0.8888888955116272
65	kirjɑsːɑ	kirjɑsːæ	2	0.09811692828797158	1	0	0.8888888955116272
65	kirjɑsːɑ	kirjɑsesːɑ	3	0.0957529270211486	2	0	0.8888888955116272
65	kirjɑsːɑ	kirjːɑsːɑ	4	0.0946278119759159	1	0	0.8888888955116272
65	kirjɑsːɑ	kirjɑsːɑsːɑ	5	0.09322034960599192	3	0	0.8888888955116272
65	kirjɑsːɑ	kiriɑsːɑ	6	0.0920783327649398	1	0	0.8888888955116272
65	kirjɑsːɑ	kirjɑsːɑzːɑ	7	0.09205015968035817	3	0	0.8888888955116272
65	kirjɑsːɑ	kirjɑstɑ	8	0.08935342421547104	1	0	0.8888888955116272
65	kirjɑsːɑ	kirtɑsːɑ	9	0.08863542154455577	1	0	0.8888888955116272
65	kirjɑsːɑ	kirjɑsːɑːɑ	10	0.0877641211267557	2	0	0.8888888955116272
66	kirjɑstɑ	kirjɑstɑ	1	0.1662552084482566	0	1	1.0
66	kirjɑstɑ	kirjɑstæ	2	0.09993869270513897	1	0	1.0
66	kirjɑstɑ	kirjɑsestɑ	3	0.09952652335949347	2	0	1.0
66	kirjɑstɑ	kirjɑstɑstɑ	4	0.09267707789447985	3	0	1.0
66	kirjɑstɑ	kirjːɑstɑ	5	0.09237792698446252	1	0	1.0
66	kirjɑstɑ	kirjɑsːɑ	6	0.09104374054226175	1	0	1.0
66	kirjɑstɑ	kirjɑkstɑ	7	0.0907191109592956	1	0	1.0
66	kirjɑstɑ	kiriɑstɑ	8	0.09042150421127516	1	0	1.0
66	kirjɑstɑ	kirjɑːtɑ	9	0.08907022023854295	1	0	1.0
66	kirjɑstɑ	kirtɑstɑ	10	0.08796999465679313	1	0	1.0
67	kiuɑstɑ	kiuɑstɑ	1	0.14327086114377233	0	1	0.9411764740943909
67	kiuɑstɑ	kiuɑtːɑ	2	0.1277989776257005	2	0	0.9411764740943909
67	kiuɑstɑ	kiuɑːtɑ	3	0.12128619989379084	1	0	0.9411764740943909
67	kiuɑstɑ	kiuɑkstɑ	4	0.11215139233220867	1	0	0.9411764740943909
67	kiuɑstɑ	kiuɑɕtɑ	5	0.09144587594883709	1	0	0.9411764740943909
67	kiuɑstɑ	kiuɑdːɑ	6	0.08346342568462128	2	0	0.9411764740943909
67	kiuɑstɑ	kiuɑdeɑ	7	0.0832060411159938	2	0	0.9411764740943909
67	kiuɑstɑ	kiuɑztɑ	8	0.0809579906246274	1	0	0.9411764740943909
67	kiuɑstɑ	kiuɑ;tɑ	9	0.0784690100564931	1	0	0.9411764740943909
67	kiuɑstɑ	kiuɑstæ	10	0.07795022557395499	1	0	0.9411764740943909
68	kiukɑːlːe	kiuɑːlːe	1	0.12364340735122167	1	0	0.4444444477558136
68	kiukɑːlːe	kiuɑksːe	2	0.11293943080241964	3	0	0.4444444477558136
68	kiukɑːlːe	kiuɑdelːe	3	0.11197529420539766	3	0	0.4444444477558136
68	kiukɑːlːe	kiuɑsːe	4	0.11154737862076379	3	0	0.4444444477558136
68	kiukɑːlːe	kiuɑkse	5	0.1077629518934828	4	0	0.4444444477558136
68	kiukɑːlːe	kiuɑlːe	6	0.09155243354572055	2	0	0.4444444477558136
68	kiukɑːlːe	kiuɑɕːe	7	0.08737231419750498	3	0	0.4444444477558136
68	kiukɑːlːe	kiuɑtelːe	8	0.08585297375304435	3	0	0.4444444477558136
68	kiukɑːlːe	kiuɑelːe	9	0.08560545806966278	2	0	0.4444444477558136
68	kiukɑːlːe	kiuɑtsːe	10	0.08174835756078176	3	0	0.4444444477558136
69	kiukɑːn	kiuɑksen	1	0.13501173865799637	3	0	0.3888888955116272
69	kiukɑːn	kiuɑːn	2	0.12847869329473657	1	0	0.3888888955116272
69	kiukɑːn	kiuɑsen	3	0.118612527766172	3	0	0.3888888955116272
69	kiukɑːn	kiuɑden	4	0.11861164997960884	3	0	0.3888888955116272
69	kiukɑːn	kiuɑtsen	5	0.08784599900404141	4	0	0.3888888955116272
69	kiukɑːn	kiuɑten	6	0.08341062579287671	3	0	0.3888888955116272
69	kiukɑːn	kiuɑɕn	7	0.08279097248455493	2	0	0.3888888955116272
69	kiukɑːn	kiuɑgsen	8	0.08237796476297742	4	0	0.3888888955116272
69	kiukɑːn	kiuɑn	9	0.08226491316853024	2	0	0.3888888955116272
69	kiukɑːn	kiuɑkseːn	10	0.08059491508850548	3	0	0.3888888955116272
70	kiukɑːseːn	kiuɑseːn	1	0.1203579033833628	2	0	0.6875
70	kiukɑːseːn	kiuɑːn	2	0.11823505539746172	4	0	0.6875
70	kiukɑːseːn	kiuɑkseːn	3	0.11060645003005369	2	0	0.6875
70	kiukɑːseːn	kiuɑsːn	4	0.10544411913285971	3	0	0.6875
70	kiukɑːseːn	kiuɑːseːn	5	0.09618450356774383	1	0	0.6875
70	kiukɑːseːn	kiuɑtseːn	6	0.09453700508414747	2	0	0.6875
70	kiukɑːseːn	kiuɑtːn	7	0.09230339028269606	4	0	0.6875
70	kiukɑːseːn	kiuɑteːn	8	0.09182022745770241	3	0	0.6875
70	kiukɑːseːn	kiuɑdeːn	9	0.08951272907382211	3	0	0.6875
70	kiukɑːseːn	kiuɑksːn	10	0.0809986165901502	3	0	0.6875
71	kiukɑːsːɑ	kiuɑsːɑ	1	0.12460455854733714	2	0	0.6666666865348816
71	kiukɑːsːɑ	kiuɑːsːɑ	2	0.12144716173143351	1	0	0.6666666865348816
71	kiukɑːsːɑ	kiuɑksːɑ	3	0.1148776421548325	2	0	0.6666666865348816
71	kiukɑːsːɑ	kiuɑdesːɑ	4	0.11130477561338317	3	0	0.6666666865348816
71	kiukɑːsːɑ	kiuɑksesːɑ	5	0.10479448278876952	3	0	0.6666666865348816
71	kiukɑːsːɑ	kiuɑtsːɑ	6	0.0919884880503961	2	0	0.6666666865348816
71	kiukɑːsːɑ	kiuɑsesːɑ	7	0.08700569388853487	3	0	0.6666666865348816
71	kiukɑːsːɑ	kiuɑesːɑ	8	0.0839551937232812	2	0	0.6666666865348816
71	kiukɑːsːɑ	kiuɑgsːɑ	9	0.0803925094314572	2	0	0.6666666865348816
71	kiukɑːsːɑ	kiuɑɕːɑ	10	0.07962949407057482	3	0	0.6666666865348816
72	kiukɑːstɑ	kiuɑstɑ	1	0.1370379390176609	2	0	0.5555555820465088
72	kiukɑːstɑ	kiuɑkstɑ	2	0.12091465958231129	2	0	0.5555555820465088
72	kiukɑːstɑ	kiuɑːstɑ	3	0.12061367008772479	1	0	0.5555555820465088
72	kiukɑːstɑ	kiuɑdestɑ	4	0.11325135178327005	3	0	0.5555555820465088
72	kiukɑːstɑ	kiuɑtstɑ	5	0.09960574709886023	2	0	0.5555555820465088
72	kiukɑːstɑ	kiuɑestɑ	6	0.08601681082397002	2	0	0.5555555820465088
72	kiukɑːstɑ	kiuɑgstɑ	7	0.08388355169033279	2	0	0.5555555820465088
72	kiukɑːstɑ	kiuɑɕtɑ	8	0.08213453332398689	3	0	0.5555555820465088
72	kiukɑːstɑ	kiuːɑstɑ	9	0.08070902170104323	2	0	0.5555555820465088
72	kiukɑːstɑ	kiuɑztɑ	10	0.07583271489083981	3	0	0.5555555820465088
73	koneːlːe	konelːe	1	0.16194225542723356	1	0	0.8947368264198303
73	koneːlːe	koneːlːe	2	0.12059299546998288	0	1	0.8947368264198303
73	koneːlːe	kontelːe	3	0.09377418351315596	2	0	0.8947368264198303
73	koneːlːe	kondelːe	4	0.09352888078190935	2	0	0.8947368264198303
73	koneːlːe	koselːe	5	0.09063822712083561	2	0	0.8947368264198303
73	koneːlːe	koneklːe	6	0.089990233471656	1	0	0.8947368264198303
73	koneːlːe	konesːe	7	0.08905372957023333	2	0	0.8947368264198303
73	koneːlːe	konːelːe	8	0.0879968483832398	2	0	0.8947368264198303
73	koneːlːe	konːlːe	9	0.08685090071593898	1	0	0.8947368264198303
73	koneːlːe	konelːelːe	10	0.08563174554581451	2	0	0.8947368264198303
74	koneːn	koneːn	1	0.1588285281582985	0	1	0.8666666746139526
74	koneːn	konen	2	0.15546795324152093	1	0	0.8666666746139526
74	koneːn	konesːɑ	3	0.08989449805480727	2	0	0.8666666746139526
74	koneːn	koneːsːɑ	4	0.08789441885200214	3	0	0.8666666746139526
74	koneːn	konesːn	5	0.08610788231286097	1	0	0.8666666746139526
74	koneːn	konelːn	6	0.08605536179014757	1	0	0.8666666746139526
74	koneːn	konteːn	7	0.08519021331229291	1	0	0.8666666746139526
74	koneːn	konekn	8	0.08364010352957695	1	0	0.8666666746139526
74	koneːn	konten	9	0.08354875706801555	2	0	0.8666666746139526
74	koneːn	konden	10	0.08337228368047724	2	0	0.8666666746139526
75	koneːseːn	koneːn	1	0.16677933947496373	3	0	0.7777777910232544
75	koneːseːn	koneːseːn	2	0.11624592956312545	0	1	0.7777777910232544
75	koneːseːn	konteːn	3	0.0959027024820423	3	0	0.7777777910232544
75	koneːseːn	kon;eːn	4	0.09383603652263324	3	0	0.7777777910232544
75	koneːseːn	kontːn	5	0.08996323951989979	4	0	0.7777777910232544
75	koneːseːn	konetːn	6	0.08895810324699757	3	0	0.7777777910232544
75	koneːseːn	koneːːn	7	0.08889266319851087	2	0	0.7777777910232544
75	koneːseːn	konːeːn	8	0.08825262909657741	2	0	0.7777777910232544
75	koneːseːn	koneːsːn	9	0.08595504931340074	1	0	0.7777777910232544
75	koneːseːn	koneːneːn	10	0.08521430758184889	1	0	0.7777777910232544
76	koneːsːɑ	koneːsːɑ	1	0.14185916101655724	0	1	0.8823529481887817
76	koneːsːɑ	konesːɑ	2	0.13994121898280318	1	0	0.8823529481887817
76	koneːsːɑ	koneksːɑ	3	0.0996518550554977	1	0	0.8823529481887817
76	koneːsːɑ	konetːɑ	4	0.09238350541354651	2	0	0.8823529481887817
76	koneːsːɑ	koneːsesːɑ	5	0.09166855509110693	2	0	0.8823529481887817
76	koneːsːɑ	koneːsːæ	6	0.09084983532572588	1	0	0.8823529481887817
76	koneːsːɑ	konːsːɑ	7	0.08730714672995507	1	0	0.8823529481887817
76	koneːsːɑ	kondesːɑ	8	0.08653068719360286	2	0	0.8823529481887817
76	koneːsːɑ	konesːæ	9	0.08553744143610427	2	0	0.8823529481887817
76	koneːsːɑ	konelːɑ	10	0.08427059375510035	2	0	0.8823529481887817
77	koneːstɑ	konestɑ	1	0.14319773411427897	1	0	1.0
77	koneːstɑ	koneːstɑ	2	0.1305860482930819	0	1	1.0
77	koneːstɑ	konetːɑ	3	0.10379977598258587	3	0	1.0
77	koneːstɑ	konekstɑ	4	0.10142896095625054	1	0	1.0
77	koneːstɑ	konestæ	5	0.09101430300674535	2	0	1.0
77	koneːstɑ	konedestɑ	6	0.08973439488572639	2	0	1.0
77	koneːstɑ	koneːstæ	7	0.08801710544963905	1	0	1.0
77	koneːstɑ	kondestɑ	8	0.08593160453700185	2	0	1.0
77	koneːstɑ	kosestɑ	9	0.08370973682014286	2	0	1.0
77	koneːstɑ	konːstɑ	10	0.08258033595454721	1	0	1.0
78	konetːɑ	konetːɑ	1	0.16033662425197145	0	1	0.7058823704719543
78	konetːɑ	koneːtːɑ	2	0.10627126314992437	1	0	0.7058823704719543
78	konetːɑ	kontːɑ	3	0.10190091925225632	1	0	0.7058823704719543
78	konetːɑ	konetːæ	4	0.10068075129529205	1	0	0.7058823704719543
78	konetːɑ	koneːtɑ	5	0.09692979957286871	2	0	0.7058823704719543
78	konetːɑ	kon;etːɑ	6	0.09341278103712648	1	0	0.7058823704719543
78	konetːɑ	koneɑ	7	0.08883043518902865	2	0	0.7058823704719543
78	konetːɑ	konːtːɑ	8	0.08522231767193465	1	0	0.7058823704719543
78	konetːɑ	kosetːɑ	9	0.08338105079034581	1	0	0.7058823704719543
78	konetːɑ	konestɑ	10	0.08303405778925148	2	0	0.7058823704719543
79	kuːseːn	kuːseːn	1	0.14808144973906417	0	1	0.6666666865348816
79	kuːseːn	kuːsiːn	2	0.14102662415164785	1	0	0.6666666865348816
79	kuːseːn	kuːsteːn	3	0.10486405736158304	1	0	0.6666666865348816
79	kuːseːn	kuːseːseːn	4	0.09076099063800772	3	0	0.6666666865348816
79	kuːseːn	kuːsːn	5	0.08957969772632544	1	0	0.6666666865348816
79	kuːseːn	kuːstːn	6	0.08805681233969292	1	0	0.6666666865348816
79	kuːseːn	kuːkseːn	7	0.08477512760887944	1	0	0.6666666865348816
79	kuːseːn	kuːsiːseːn	8	0.08455171833288548	3	0	0.6666666865348816
79	kuːseːn	kuhseːn	9	0.0842485159041548	1	0	0.6666666865348816
79	kuːseːn	kutseːn	10	0.08405500619775914	1	0	0.6666666865348816
80	kuːselːe	kuːselːe	1	0.14998426753336133	0	1	0.75
80	kuːselːe	kuːsilːe	2	0.14970852357088618	1	0	0.75
80	kuːselːe	kuːdelːe	3	0.09496029663951337	1	0	0.75
80	kuːselːe	kuːkselːe	4	0.09310357409308546	1	0	0.75
80	kuːselːe	kuːksilːe	5	0.09073634820509914	2	0	0.75
80	kuːselːe	kuːsːe	6	0.08607319918358591	2	0	0.75
80	kuːselːe	kuːːselːe	7	0.08545654292011205	1	0	0.75
80	kuːselːe	kuːselːelːe	8	0.08385695464166161	3	0	0.75
80	kuːselːe	kuːsilːelːe	9	0.08376716016224174	3	0	0.75
80	kuːselːe	kuːste	10	0.08235313305045319	3	0	0.75
81	kuːsen	kuːsin	1	0.1578899348842577	1	0	0.8235294222831726
81	kuːsen	kuːsen	2	0.15433546824685704	0	1	0.8235294222831726
81	kuːsen	kuːksen	3	0.09091252722389759	1	0	0.8235294222831726
81	kuːsen	kuːstɑn	4	0.089706143149681	2	0	0.8235294222831726
81	kuːsen	kuːden	5	0.08739796118101788	1	0	0.8235294222831726
81	kuːsen	kuːsːn	6	0.08687352499382335	1	0	0.8235294222831726
81	kuːsen	kuːːsen	7	0.08505055808826707	1	0	0.8235294222831726
81	kuːsen	kuːtsen	8	0.08477594227261012	1	0	0.8235294222831726
81	kuːsen	kuːksin	9	0.08462407540407453	2	0	0.8235294222831726
81	kuːsen	kuːsjn	10	0.0784338645555137	1	0	0.8235294222831726
82	kuːsesːɑ	kuːsesːɑ	1	0.14586204375475295	0	1	0.75
82	kuːsesːɑ	kuːsisːɑ	2	0.14087157621653848	1	0	0.75
82	kuːsesːɑ	kuːdesːɑ	3	0.09487162815058285	1	0	0.75
82	kuːsesːɑ	kuːsesːæ	4	0.09333343566766428	1	0	0.75
82	kuːsesːɑ	kuːksesːɑ	5	0.0929241957752051	1	0	0.75
82	kuːsesːɑ	kuːsisːæ	6	0.09002691160325921	2	0	0.75
82	kuːsesːɑ	kuːːsesːɑ	7	0.08995309322392914	1	0	0.75
82	kuːsesːɑ	kuːtsesːɑ	8	0.0874200262389499	1	0	0.75
82	kuːsesːɑ	kuːsːɑ	9	0.08316176461020737	2	0	0.75
82	kuːsesːɑ	kuːsesːɑsːɑ	10	0.08157532475891072	3	0	0.75
83	kuːsestɑ	kuːsestɑ	1	0.14490944246786122	0	1	0.8999999761581421
83	kuːsestɑ	kuːsistɑ	2	0.14149550005039632	1	0	0.8999999761581421
83	kuːsestɑ	kuːsestæ	3	0.09494830462140791	1	0	0.8999999761581421
83	kuːsestɑ	kuːksestɑ	4	0.09317013852425166	1	0	0.8999999761581421
83	kuːsestɑ	kuːdestɑ	5	0.09287466041390859	1	0	0.8999999761581421
83	kuːsestɑ	kuːsistæ	6	0.09259620573379104	2	0	0.8999999761581421
83	kuːsestɑ	kuːsesestɑ	7	0.0890814329546858	2	0	0.8999999761581421
83	kuːsestɑ	kuːsisestɑ	8	0.08599009679384806	2	0	0.8999999761581421
83	kuːsestɑ	kuːstɑ	9	0.08333322571936412	2	0	0.8999999761581421
83	kuːsestɑ	kuːsestɑstɑ	10	0.08160099272048525	3	0	0.8999999761581421
84	kuːstɑ	kuːsiɑ	1	0.15747177377871452	1	0	0.3529411852359772
84	kuːstɑ	kuːseɑ	2	0.14162430386810798	1	0	0.3529411852359772
84	kuːstɑ	kuːstɑ	3	0.11946141744928135	0	1	0.3529411852359772
84	kuːstɑ	kuːsːɑ	4	0.09459945330885207	1	0	0.3529411852359772
84	kuːstɑ	kuːsiæ	5	0.08840332352016365	2	0	0.3529411852359772
84	kuːstɑ	kuːtːɑ	6	0.08528970326185414	2	0	0.3529411852359772
84	kuːstɑ	kuːsjɑ	7	0.08135971483582091	1	0	0.3529411852359772
84	kuːstɑ	kuhsiɑ	8	0.07808970369477009	2	0	0.3529411852359772
84	kuːstɑ	kuːseæ	9	0.0769014362312985	2	0	0.3529411852359772
84	kuːstɑ	kuːsiɑztɑ	10	0.07679917005113676	3	0	0.3529411852359772
85	lɑpɑseːn	lɑpɑnen	1	0.12994012801753194	2	0	0.8125
85	lɑpɑseːn	lɑpɑneːn	2	0.11702967378042693	1	0	0.8125
85	lɑpɑseːn	lɑpɑsen	3	0.11239480301578296	1	0	0.8125
85	lɑpɑseːn	lɑpɑseːn	4	0.10693448048001516	0	1	0.8125
85	lɑpɑseːn	lɑpɑnesːn	5	0.09508618680796133	2	0	0.8125
85	lɑpɑseːn	lɑpɑneseːn	6	0.09319107488917586	2	0	0.8125
85	lɑpɑseːn	lɑpɑnemeːn	7	0.08918003382174465	3	0	0.8125
85	lɑpɑseːn	lɑpɑneːseːn	8	0.08777967983629699	3	0	0.8125
85	lɑpɑseːn	lɑpɑsesːn	9	0.08498401735118535	1	0	0.8125
85	lɑpɑseːn	lɑpɑseseːn	10	0.08347992199987886	2	0	0.8125
86	lɑpɑselːe	lɑpɑselːe	1	0.12466558686567326	0	1	1.0
86	lɑpɑselːe	lɑpɑnelːe	2	0.12345940300668892	1	0	1.0
86	lɑpɑselːe	lɑpɑnen	3	0.10906567319210794	4	0	1.0
86	lɑpɑselːe	lɑpɑnesːe	4	0.10098497027547727	2	0	1.0
86	lɑpɑselːe	lɑpɑneːlːe	5	0.09852627725495008	2	0	1.0
86	lɑpɑselːe	lɑpɑneːn	6	0.09516930570076375	3	0	1.0
86	lɑpɑselːe	lɑpɑnemelːe	7	0.09270424494105325	3	0	1.0
86	lɑpɑselːe	lɑpɑneklːe	8	0.08738421669711367	2	0	1.0
86	lɑpɑselːe	lɑpɑneɲːe	9	0.08412349854784545	2	0	1.0
86	lɑpɑselːe	lɑpɑseːlːe	10	0.08391682351832638	1	0	1.0
87	lɑpɑsen	lɑpɑnen	1	0.14754991915660823	1	0	1.0
87	lɑpɑsen	lɑpɑsen	2	0.12868957534280592	0	1	1.0
87	lɑpɑsen	lɑpɑneːn	3	0.10424300024770632	2	0	1.0
87	lɑpɑsen	lɑpɑnesen	4	0.1034189824693975	2	0	1.0
87	lɑpɑsen	lɑpɑnemen	5	0.09290461374574331	3	0	1.0
87	lɑpɑsen	lɑpɑnesːɑ	6	0.09179325326362041	4	0	1.0
87	lɑpɑsen	lɑpɑenen	7	0.0861244594783061	2	0	1.0
87	lɑpɑsen	lɑpɑnekn	8	0.08340669246168433	2	0	1.0
87	lɑpɑsen	lɑpɑmen	9	0.08136467096689734	1	0	1.0
87	lɑpɑsen	lɑpɑɲen	10	0.08050483286723052	1	0	1.0
88	lɑpɑsesːɑ	lɑpɑsesːɑ	1	0.11535500940309579	0	1	0.9473684430122375
88	lɑpɑsesːɑ	lɑpɑnen	2	0.11510548688211675	4	0	0.9473684430122375
88	lɑpɑsesːɑ	lɑpɑnesːɑ	3	0.11105728745256814	1	0	0.9473684430122375
88	lɑpɑsesːɑ	lɑpɑsen	4	0.10662236694374035	3	0	0.9473684430122375
88	lɑpɑsesːɑ	lɑpɑneːn	5	0.09942627640292617	3	0	0.9473684430122375
88	lɑpɑsesːɑ	lɑpɑseːn	6	0.0969494762140133	2	0	0.9473684430122375
88	lɑpɑsesːɑ	lɑpɑneːsːɑ	7	0.09054532642192871	2	0	0.9473684430122375
88	lɑpɑsesːɑ	lɑpɑseksːɑ	8	0.08893342319795305	1	0	0.9473684430122375
88	lɑpɑsesːɑ	lɑpɑneksːɑ	9	0.0882102206925949	2	0	0.9473684430122375
88	lɑpɑsesːɑ	lɑpɑselːɑ	10	0.08779512638906285	1	0	0.9473684430122375
89	lɑpɑsestɑ	lɑpɑsestɑ	1	0.11807253606805142	0	1	0.9444444179534912
89	lɑpɑsestɑ	lɑpɑnestɑ	2	0.11330104144863208	1	0	0.9444444179534912
89	lɑpɑsestɑ	lɑpɑnenistɑ	3	0.10853441252760061	3	0	0.9444444179534912
89	lɑpɑsestɑ	lɑpɑnenestɑ	4	0.1015457947027342	3	0	0.9444444179534912
89	lɑpɑsestɑ	lɑpɑnenɑstɑ	5	0.09685563019178836	3	0	0.9444444179534912
89	lɑpɑsestɑ	lɑpɑsenistɑ	6	0.0961256070980776	2	0	0.9444444179534912
89	lɑpɑsestɑ	lɑpɑnentɑ	7	0.09235323193955362	2	0	0.9444444179534912
89	lɑpɑsestɑ	lɑpɑneːnistɑ	8	0.09211179069500193	4	0	0.9444444179534912
89	lɑpɑsestɑ	lɑpɑnenstɑ	9	0.09146097347570735	2	0	0.9444444179534912
89	lɑpɑsestɑ	lɑpɑneːn	10	0.08963898185285282	4	0	0.9444444179534912
90	lɑpɑstɑ	lɑpɑnentɑ	1	0.14279669431727282	3	0	0.8235294222831726
90	lɑpɑstɑ	lɑpɑsentɑ	2	0.12495489620300906	2	0	0.8235294222831726
90	lɑpɑstɑ	lɑpɑneːntɑ	3	0.10256426012048533	4	0	0.8235294222831726
90	lɑpɑstɑ	lɑpɑnestɑ	4	0.09812048392702175	2	0	0.8235294222831726
90	lɑpɑstɑ	lɑpɑneːniɑ	5	0.09051589796213576	5	0	0.8235294222831726
90	lɑpɑstɑ	lɑpɑneniɑ	6	0.089779459389029	4	0	0.8235294222831726
90	lɑpɑstɑ	lɑpɑnetːɑ	7	0.08966320420068867	3	0	0.8235294222831726
90	lɑpɑstɑ	lɑpɑseːntɑ	8	0.08855776927018459	3	0	0.8235294222831726
90	lɑpɑstɑ	lɑpɑmentɑ	9	0.08672325323502678	3	0	0.8235294222831726
90	lɑpɑstɑ	lɑpɑɲentɑ	10	0.08632408137514624	3	0	0.8235294222831726
91	lɑutɑseːn	lɑutɑseːn	1	0.12545100876077941	0	1	0.8500000238418579
91	lɑutɑseːn	lɑutɑneːn	2	0.12491608489167477	1	0	0.8500000238418579
91	lɑutɑseːn	lɑutɑnen	3	0.11777196580354896	2	0	0.8500000238418579
91	lɑutɑseːn	lɑutɑsen	4	0.09987212834635159	1	0	0.8500000238418579
91	lɑutɑseːn	lɑutɑneseːn	5	0.09292689426230752	2	0	0.8500000238418579
91	lɑutɑseːn	lɑutɑneːseːn	6	0.09130190844818205	3	0	0.8500000238418579
91	lɑutɑseːn	lɑutɑnesːn	7	0.0910731230860231	2	0	0.8500000238418579
91	lɑutɑseːn	lɑutɑeneːn	8	0.08669253353787355	2	0	0.8500000238418579
91	lɑutɑseːn	lɑutɑseːseːn	9	0.08625584884297477	3	0	0.8500000238418579
91	lɑutɑseːn	lɑutɑseseːn	10	0.08373850402028428	2	0	0.8500000238418579
92	lɑutɑselːe	lɑutɑselːe	1	0.1351655426318225	0	1	0.9375
92	lɑutɑselːe	lɑutɑnelːe	2	0.1326766039536471	1	0	0.9375
92	lɑutɑselːe	lɑutɑneːlːe	3	0.09908416693505327	2	0	0.9375
92	lɑutɑselːe	lɑutɑlelːe	4	0.09295688350465134	1	0	0.9375
92	lɑutɑselːe	lɑutɑnesːe	5	0.09158526891024382	2	0	0.9375
92	lɑutɑselːe	lɑutɑːelːe	6	0.0913874679335601	1	0	0.9375
92	lɑutɑselːe	lɑutɑnen	7	0.09028807717423512	4	0	0.9375
92	lɑutɑselːe	lɑutɑkelːe	8	0.08990920831792969	1	0	0.9375
92	lɑutɑselːe	lɑutɑmelːe	9	0.08990071911842545	1	0	0.9375
92	lɑutɑselːe	lɑutɑneːn	10	0.08704606152043158	3	0	0.9375
93	lɑutɑsen	lɑutɑnen	1	0.14297297059466713	1	0	0.9473684430122375
93	lɑutɑsen	lɑutɑsen	2	0.13430931621865244	0	1	0.9473684430122375
93	lɑutɑsen	lɑutɑneːn	3	0.100261926367262	2	0	0.9473684430122375
93	lɑutɑsen	lɑutɑnesen	4	0.09963056178013198	2	0	0.9473684430122375
93	lɑutɑsen	lɑutɑenen	5	0.09072248169939753	2	0	0.9473684430122375
93	lɑutɑsen	lɑutɑnesːɑ	6	0.08988651642603802	4	0	0.9473684430122375
93	lɑutɑsen	lɑutɑmen	7	0.08716710386620596	1	0	0.9473684430122375
93	lɑutɑsen	lɑutɑken	8	0.08554570021519269	1	0	0.9473684430122375
93	lɑutɑsen	lɑutɑːen	9	0.08510370068236332	1	0	0.9473684430122375
93	lɑutɑsen	lɑutɑɲen	10	0.08439972215008894	1	0	0.9473684430122375
94	lɑutɑsesːɑ	lɑutɑsesːɑ	1	0.12483772559282266	0	1	0.9333333373069763
94	lɑutɑsesːɑ	lɑutɑnesːɑ	2	0.11397227112601022	1	0	0.9333333373069763
94	lɑutɑsesːɑ	lɑutɑneːn	3	0.10254360023931462	3	0	0.9333333373069763
94	lɑutɑsesːɑ	lɑutɑnen	4	0.10170246121954823	4	0	0.9333333373069763
94	lɑutɑsesːɑ	lɑutɑseːn	5	0.10085310669894698	2	0	0.9333333373069763
94	lɑutɑsesːɑ	lɑutɑneːsːɑ	6	0.09391108155623472	2	0	0.9333333373069763
94	lɑutɑsesːɑ	lɑutɑseksːɑ	7	0.0929814391865654	1	0	0.9333333373069763
94	lɑutɑsesːɑ	lɑutɑsen	8	0.09053378820364161	3	0	0.9333333373069763
94	lɑutɑsesːɑ	lɑutɑselːɑ	9	0.08940187565729081	1	0	0.9333333373069763
94	lɑutɑsesːɑ	lɑutɑneksːɑ	10	0.08926265051962474	2	0	0.9333333373069763
95	lɑutɑsestɑ	lɑutɑsestɑ	1	0.13032249149832079	0	1	0.8421052694320679
95	lɑutɑsestɑ	lɑutɑnestɑ	2	0.12125827580795177	1	0	0.8421052694320679
95	lɑutɑsestɑ	lɑutɑnen	3	0.10100729037960267	4	0	0.8421052694320679
95	lɑutɑsestɑ	lɑutɑneːn	4	0.09705363125241585	4	0	0.8421052694320679
95	lɑutɑsestɑ	lɑutɑsekstɑ	5	0.0953328835705529	1	0	0.8421052694320679
95	lɑutɑsestɑ	lɑutɑnekstɑ	6	0.09297707296940101	2	0	0.8421052694320679
95	lɑutɑsestɑ	lɑutɑnenistɑ	7	0.09215590681339404	3	0	0.8421052694320679
95	lɑutɑsestɑ	lɑutɑstestɑ	8	0.09108810287062291	1	0	0.8421052694320679
95	lɑutɑsestɑ	lɑutɑseːn	9	0.08978722705883474	3	0	0.8421052694320679
95	lɑutɑsestɑ	lɑutɑneːstɑ	10	0.08901711777890332	2	0	0.8421052694320679
96	lɑutɑstɑ	lɑutɑnentɑ	1	0.13288324808154656	3	0	1.0
96	lɑutɑstɑ	lɑutɑsentɑ	2	0.12606626793774145	2	0	1.0
96	lɑutɑstɑ	lɑutɑneːntɑ	3	0.10120511150315384	4	0	1.0
96	lɑutɑstɑ	lɑutɑseːntɑ	4	0.09700804702964146	3	0	1.0
96	lɑutɑstɑ	lɑutɑnestɑ	5	0.09473289059283335	2	0	1.0
96	lɑutɑstɑ	lɑutɑsetɑ	6	0.09132652281258559	1	0	1.0
96	lɑutɑstɑ	lɑutɑnetːɑ	7	0.08981768874154596	3	0	1.0
96	lɑutɑstɑ	lɑutɑːentɑ	8	0.08963947602540635	3	0	1.0
96	lɑutɑstɑ	lɑutɑsestɑ	9	0.08932347234927267	2	0	1.0
96	lɑutɑstɑ	lɑutɑmentɑ	10	0.08799727492627278	3	0	1.0
97	mɑːlɑukseːn	mɑːlɑuseːn	1	0.11354930307889499	1	0	1.0
97	mɑːlɑukseːn	mɑːlɑukseːn	2	0.11226236423963952	0	1	1.0
97	mɑːlɑukseːn	mɑːlɑusːn	3	0.11097704068551688	2	0	1.0
97	mɑːlɑukseːn	mɑːlɑuːseːn	4	0.108248855768435	1	0	1.0
97	mɑːlɑukseːn	mɑːlɑuːn	5	0.10800569201143001	3	0	1.0
97	mɑːlɑukseːn	mɑːlɑutseːn	6	0.09569776564575473	1	0	1.0
97	mɑːlɑukseːn	mɑːlɑuksːn	7	0.08950581554907042	1	0	1.0
97	mɑːlɑukseːn	mɑːlɑudeːn	8	0.08942851940462616	2	0	1.0
97	mɑːlɑukseːn	mɑːlɑuːsːn	9	0.08792448307629343	2	0	1.0
97	mɑːlɑukseːn	mɑːlɑutːn	10	0.08440016054033884	3	0	1.0
98	mɑːlɑukselːe	mɑːlɑuːlːe	1	0.11333251982969958	3	0	0.7142857313156128
98	mɑːlɑukselːe	mɑːlɑukse	2	0.11279422207751229	3	0	0.7142857313156128
98	mɑːlɑukselːe	mɑːlɑusːe	3	0.10888129467340278	3	0	0.7142857313156128
98	mɑːlɑukselːe	mɑːlɑudelːe	4	0.1060756239152485	2	0	0.7142857313156128
98	mɑːlɑukselːe	mɑːlɑuksːe	5	0.10375134013205166	2	0	0.7142857313156128
98	mɑːlɑukselːe	mɑːlɑulːe	6	0.09495613721143727	3	0	0.7142857313156128
98	mɑːlɑukselːe	mɑːlɑuɕːe	7	0.09316417253206939	4	0	0.7142857313156128
98	mɑːlɑukselːe	mɑːlɑukselːe	8	0.09247714512786508	0	1	0.7142857313156128
98	mɑːlɑukselːe	mɑːlɑuelːe	9	0.08783894420862477	2	0	0.7142857313156128
98	mɑːlɑukselːe	mɑːlɑutsːe	10	0.0867286002920887	3	0	0.7142857313156128
99	mɑːlɑuksen	mɑːlɑuksen	1	0.129407642273824	0	1	0.9444444179534912
99	mɑːlɑuksen	mɑːlɑusen	2	0.11403958344838137	1	0	0.9444444179534912
99	mɑːlɑuksen	mɑːlɑuːn	3	0.11355024511535007	3	0	0.9444444179534912
99	mɑːlɑuksen	mɑːlɑuden	4	0.108303904244977	2	0	0.9444444179534912
99	mɑːlɑuksen	mɑːlɑuːsen	5	0.09536083424800963	1	0	0.9444444179534912
99	mɑːlɑuksen	mɑːlɑutsen	6	0.09140478765246253	1	0	0.9444444179534912
99	mɑːlɑuksen	mɑːlɑuzen	7	0.08993402948171877	2	0	0.9444444179534912
99	mɑːlɑuksen	mɑːlɑuɕn	8	0.08805421256534363	3	0	0.9444444179534912
99	mɑːlɑuksen	mɑːlɑukseːn	9	0.08746531717340951	1	0	0.9444444179534912
99	mɑːlɑuksen	mɑːlɑuen	10	0.08247944379652347	2	0	0.9444444179534912
100	mɑːlɑuksesːɑ	mɑːlɑusːɑ	1	0.11550184972798246	3	0	1.0
100	mɑːlɑuksesːɑ	mɑːlɑuksesːɑ	2	0.11373636638122177	0	1	1.0
100	mɑːlɑuksesːɑ	mɑːlɑuːsːɑ	3	0.10902767323702109	3	0	1.0
100	mɑːlɑuksesːɑ	mɑːlɑuksːɑ	4	0.10550642977529066	2	0	1.0
100	mɑːlɑuksesːɑ	mɑːlɑudesːɑ	5	0.10380213734398362	2	0	1.0
100	mɑːlɑuksesːɑ	mɑːlɑuːsesːɑ	6	0.09516780622995197	1	0	1.0
100	mɑːlɑuksesːɑ	mɑːlɑusesːɑ	7	0.09241129339036985	1	0	1.0
100	mɑːlɑuksesːɑ	mɑːlɑuksesesːɑ	8	0.09035165890877946	2	0	1.0
100	mɑːlɑuksesːɑ	mɑːlɑutsːɑ	9	0.08973436613792282	3	0	1.0
100	mɑːlɑuksesːɑ	mɑːlɑuɕːɑ	10	0.08476041886747629	4	0	1.0
101	mɑːlɑuksestɑ	mɑːlɑustɑ	1	0.12955100531097108	3	0	0.8421052694320679
101	mɑːlɑuksestɑ	mɑːlɑukstɑ	2	0.11834614529606376	2	0	0.8421052694320679
101	mɑːlɑuksestɑ	mɑːlɑuːstɑ	3	0.11084728742364454	3	0	0.8421052694320679
101	mɑːlɑuksestɑ	mɑːlɑudestɑ	4	0.10624937756381955	2	0	0.8421052694320679
101	mɑːlɑuksestɑ	mɑːlɑutstɑ	5	0.09650725450795317	3	0	0.8421052694320679
101	mɑːlɑuksestɑ	mɑːlɑuksestɑ	6	0.09402381976863536	0	1	0.8421052694320679
101	mɑːlɑuksestɑ	mɑːlɑuestɑ	7	0.08730113125116366	2	0	0.8421052694320679
101	mɑːlɑuksestɑ	mɑːlɑuɕtɑ	8	0.08686233008971177	4	0	0.8421052694320679
101	mɑːlɑuksestɑ	mɑːlɑuztɑ	9	0.08569097317572491	4	0	0.8421052694320679
101	mɑːlɑuksestɑ	mɑːlɑugstɑ	10	0.0846206756123122	3	0	0.8421052694320679
102	mɑːlɑustɑ	mɑːlɑustɑ	1	0.13748237181727574	0	1	1.0
102	mɑːlɑustɑ	mɑːlɑutːɑ	2	0.11448780015506962	2	0	1.0
102	mɑːlɑustɑ	mɑːlɑukstɑ	3	0.11224592199048743	1	0	1.0
102	mɑːlɑustɑ	mɑːlɑuːstɑ	4	0.10930691997650864	1	0	1.0
102	mɑːlɑustɑ	mɑːlɑuɕtɑ	5	0.09318377743092655	1	0	1.0
102	mɑːlɑustɑ	mɑːlɑutstɑ	6	0.0924689402970846	1	0	1.0
102	mɑːlɑustɑ	mɑːlɑuztɑ	7	0.08973581082330012	1	0	1.0
102	mɑːlɑustɑ	mɑːlɑuɑː	8	0.08471254856016809	3	0	1.0
102	mɑːlɑustɑ	mɑːlɑudːɑ	9	0.08389273964432452	2	0	1.0
102	mɑːlɑustɑ	mɑːlɑuːtɑ	10	0.08248316930485466	1	0	1.0
103	oʋeɑ	oʋeɑ	1	0.1662544800746117	0	1	0.625
103	oʋeɑ	oʋiɑ	2	0.14218070092454874	1	0	0.625
103	oʋeɑ	oʋtɑ	3	0.11150783759121154	1	0	0.625
103	oʋeɑ	oʋːɑ	4	0.09541131576195766	1	0	0.625
103	oʋeɑ	oʋetːɑ	5	0.08663751199994102	2	0	0.625
103	oʋeɑ	oʋeæ	6	0.08428051649789643	1	0	0.625
103	oʋeɑ	oʋɑ	7	0.08403869623114608	1	0	0.625
103	oʋeɑ	oʋːtɑ	8	0.07859937023241854	2	0	0.625
103	oʋeɑ	oʋ;tɑ	9	0.07789113386148207	2	0	0.625
103	oʋeɑ	oʋiæ	10	0.07319843682478623	2	0	0.625
104	oʋeːn	oʋeːn	1	0.1806890239386429	0	1	0.7777777910232544
104	oʋeːn	oʋiːn	2	0.12422443334085803	1	0	0.7777777910232544
104	oʋeːn	oʋteːn	3	0.09918912037543393	1	0	0.7777777910232544
104	oʋeːn	oʋeːseːn	4	0.09655468043778861	3	0	0.7777777910232544
104	oʋeːn	oʋːn	5	0.09015411454203517	1	0	0.7777777910232544
104	oʋeːn	oʋ;eːn	6	0.08584115256011643	1	0	0.7777777910232544
104	oʋeːn	oʋeːneːn	7	0.08510003831932825	3	0	0.7777777910232544
104	oʋeːn	oʋeːniːn	8	0.08163373251243435	3	0	0.7777777910232544
104	oʋeːn	oʋtːn	9	0.07931044973966508	1	0	0.7777777910232544
104	oʋeːn	oʋɑːn	10	0.07730325423369727	1	0	0.7777777910232544
105	oʋelːe	oʋelːe	1	0.15943717814791908	0	1	0.8500000238418579
105	oʋelːe	oʋilːe	2	0.15291755190694806	1	0	0.8500000238418579
105	oʋelːe	oʋːlːe	3	0.09620168203139313	1	0	0.8500000238418579
105	oʋelːe	oʋɑlːe	4	0.0910832818331278	1	0	0.8500000238418579
105	oʋelːe	oʋdilːe	5	0.08953469698284552	2	0	0.8500000238418579
105	oʋelːe	oʋlilːe	6	0.08669644249532588	2	0	0.8500000238418579
105	oʋelːe	oʋtelːe	7	0.082090473577765	1	0	0.8500000238418579
105	oʋelːe	oʋjelːe	8	0.08169808900127594	1	0	0.8500000238418579
105	oʋelːe	oʋelːelːe	9	0.08065312875651634	3	0	0.8500000238418579
105	oʋelːe	oʋelːesːe	10	0.07968747526688323	3	0	0.8500000238418579
106	oʋen	oʋen	1	0.19773246832792687	0	1	0.7777777910232544
106	oʋen	oʋin	2	0.15546646869205274	1	0	0.7777777910232544
106	oʋen	oʋːn	3	0.08839912267929662	1	0	0.7777777910232544
106	oʋen	oʋensːɑ	4	0.08262484791286827	3	0	0.7777777910232544
106	oʋen	oʋɑn	5	0.08209925159273368	1	0	0.7777777910232544
106	oʋen	oʋeːn	6	0.08203988581158887	1	0	0.7777777910232544
106	oʋen	oʋdin	7	0.08153053723011125	2	0	0.7777777910232544
106	oʋen	oʋten	8	0.07918490825997801	1	0	0.7777777910232544
106	oʋen	oʋenan	9	0.0761005168651807	2	0	0.7777777910232544
106	oʋen	oʋenen	10	0.07482199262826299	2	0	0.7777777910232544
107	oʋesːɑ	oʋesːɑ	1	0.16058121949177973	0	1	0.9444444179534912
107	oʋesːɑ	oʋisːɑ	2	0.13565956908316062	1	0	0.9444444179534912
107	oʋesːɑ	oʋesːæ	3	0.10376649592391085	1	0	0.9444444179534912
107	oʋesːɑ	oʋɑsːɑ	4	0.08980520214184237	1	0	0.9444444179534912
107	oʋesːɑ	oʋeːsːɑ	5	0.08906914700591236	1	0	0.9444444179534912
107	oʋesːɑ	oʋːsːɑ	6	0.08861630172700873	1	0	0.9444444179534912
107	oʋesːɑ	oʋisːæ	7	0.08765260348034332	2	0	0.9444444179534912
107	oʋesːɑ	oʋdisːɑ	8	0.0832154893500541	2	0	0.9444444179534912
107	oʋesːɑ	oʋːɑsːɑ	9	0.08103194014199598	2	0	0.9444444179534912
107	oʋesːɑ	oʋesːɑsːɑ	10	0.0806020316539919	3	0	0.9444444179534912
108	oʋestɑ	oʋestɑ	1	0.15825217570329622	0	1	1.0
108	oʋestɑ	oʋistɑ	2	0.13545486152108244	1	0	1.0
108	oʋestɑ	oʋestæ	3	0.10580382456314669	1	0	1.0
108	oʋestɑ	oʋːstɑ	4	0.09182108334382034	1	0	1.0
108	oʋestɑ	oʋistæ	5	0.09075580184419689	2	0	1.0
108	oʋestɑ	oʋɑstɑ	6	0.08925611516419737	1	0	1.0
108	oʋestɑ	oʋeːstɑ	7	0.08372672450076377	1	0	1.0
108	oʋestɑ	oʋtɑstɑ	8	0.08301307742449834	2	0	1.0
108	oʋestɑ	oʋdistɑ	9	0.08167341054025896	2	0	1.0
108	oʋestɑ	oʋestɑstɑ	10	0.08024292539473896	3	0	1.0
109	puhelimeːn	puhelin	1	0.15581297346145015	3	0	0.6666666865348816
109	puhelimeːn	puhelimeːn	2	0.10313367301405067	0	1	0.6666666865348816
109	puhelimeːn	puheliːn	3	0.1017698663826271	2	0	0.6666666865348816
109	puhelimeːn	puheliseːn	4	0.09944355689793088	1	0	0.6666666865348816
109	puhelimeːn	puhelisːn	5	0.09674701497101226	2	0	0.6666666865348816
109	puhelimeːn	puheliɲːn	6	0.09522945070866727	2	0	0.6666666865348816
109	puhelimeːn	puhelieːn	7	0.09070857611864015	1	0	0.6666666865348816
109	puhelimeːn	puheliŋːn	8	0.0882697587149424	2	0	0.6666666865348816
109	puhelimeːn	puh;lin	9	0.0849353495505663	4	0	0.6666666865348816
109	puhelimeːn	puheli;n	10	0.08394978018011283	3	0	0.6666666865348816
110	puhelimelːe	puhelin	1	0.11198713318770132	5	0	0.5
110	puhelimelːe	puhelinilːe	2	0.10707415930111881	2	0	0.5
110	puhelimelːe	puhelinelːe	3	0.1063943918739805	1	0	0.5
110	puhelimelːe	puhelinlːe	4	0.10554016328410007	2	0	0.5
110	puhelimelːe	puhelinɑlːe	5	0.10447350591414314	2	0	0.5
110	puhelimelːe	puhelinulːe	6	0.09724010284640791	2	0	0.5
110	puhelimelːe	puhelimelːe	7	0.09353164169790655	0	1	0.5
110	puhelimelːe	puheliɲːe	8	0.09279077901278669	3	0	0.5
110	puhelimelːe	puhelisːe	9	0.0908817525833485	3	0	0.5
110	puhelimelːe	puhelilːe	10	0.09008637029850648	2	0	0.5
111	puhelimen	puhelin	1	0.16571096206348673	2	0	0.8235294222831726
111	puhelimen	puhelimen	2	0.10409292759568249	0	1	0.8235294222831726
111	puhelimen	puhelisen	3	0.10127159661017796	1	0	0.8235294222831726
111	puhelimen	puheliɲn	4	0.09459882109837464	2	0	0.8235294222831726
111	puhelimen	puheliːn	5	0.09459023935784451	2	0	0.8235294222831726
111	puhelimen	puh;lin	6	0.08859050588944033	3	0	0.8235294222831726
111	puhelimen	puhelien	7	0.08833283024360546	1	0	0.8235294222831726
111	puhelimen	puhelinan	8	0.08790831337477768	2	0	0.8235294222831726
111	puhelimen	puhelion	9	0.08761863646928549	2	0	0.8235294222831726
111	puhelimen	puhelisːɑ	10	0.08728516729732473	3	0	0.8235294222831726
112	puhelimesːɑ	puhelin	1	0.13604766491857426	5	0	0.8421052694320679
112	puhelimesːɑ	puhelinisːɑ	2	0.1036408810353085	2	0	0.8421052694320679
112	puhelimesːɑ	puhelisːɑ	3	0.10271511756542027	2	0	0.8421052694320679
112	puhelimesːɑ	puhelimesːɑ	4	0.0991637159566389	0	1	0.8421052694320679
112	puhelimesːɑ	puhelinesːɑ	5	0.09899566172917089	1	0	0.8421052694320679
112	puhelimesːɑ	puhelinɑsːɑ	6	0.09870544647570112	2	0	0.8421052694320679
112	puhelimesːɑ	puheliɲːɑ	7	0.09170102951625117	3	0	0.8421052694320679
112	puhelimesːɑ	puhelinusːɑ	8	0.09041157750163221	2	0	0.8421052694320679
112	puhelimesːɑ	puhelidesːɑ	9	0.089713122557459	1	0	0.8421052694320679
112	puhelimesːɑ	puheliesːɑ	10	0.08890578274384367	1	0	0.8421052694320679
113	puhelimestɑ	puhelinistɑ	1	0.1169368755807443	2	0	0.75
113	puhelimestɑ	puhelinestɑ	2	0.10920940533829132	1	0	0.75
113	puhelimestɑ	puhelinɑstɑ	3	0.105927284108907	2	0	0.75
113	puhelimestɑ	puhelintɑ	4	0.09896905216352556	3	0	0.75
113	puhelimestɑ	puhelin	5	0.09841365656312587	5	0	0.75
113	puhelimestɑ	puhelistɑ	6	0.09797122580990483	2	0	0.75
113	puhelimestɑ	puhelinustɑ	7	0.09514620296373028	2	0	0.75
113	puhelimestɑ	puhelinstɑ	8	0.09484996658508682	2	0	0.75
113	puhelimestɑ	puhelinɑ	9	0.09253936014201437	4	0	0.75
113	puhelimestɑ	puhelimestɑ	10	0.09003697074466967	0	1	0.75
114	puhelintɑ	puhelintɑ	1	0.15233843036193212	0	1	0.800000011920929
114	puhelintɑ	puhelintæ	2	0.09612327320499033	1	0	0.800000011920929
114	puhelintɑ	puheliːntɑ	3	0.0956606440247657	1	0	0.800000011920929
114	puhelintɑ	puhelinɑ	4	0.09557717667524346	1	0	0.800000011920929
114	puhelintɑ	puheliɲtɑ	5	0.09510881238393931	1	0	0.800000011920929
114	puhelintɑ	puheliniɑ	6	0.09502812852481071	1	0	0.800000011920929
114	puhelintɑ	puhelistɑ	7	0.0942724762669381	1	0	0.800000011920929
114	puhelintɑ	puh;lintɑ	8	0.09237492042650135	1	0	0.800000011920929
114	puhelintɑ	puhelintːɑ	9	0.09187001581835173	1	0	0.800000011920929
114	puhelintɑ	puheliæntɑ	10	0.09164612231252718	1	0	0.800000011920929
115	putkeɑ	putkiɑ	1	0.1429554041977212	1	0	0.6190476417541504
115	putkeɑ	putkeɑ	2	0.12300712699982358	0	1	0.6190476417541504
115	putkeɑ	putktɑ	3	0.10818646673804125	1	0	0.6190476417541504
115	putkeɑ	putkɔɑ	4	0.09874511255804368	1	0	0.6190476417541504
115	putkeɑ	putkuɑ	5	0.09710961939474624	1	0	0.6190476417541504
115	putkeɑ	putkːɑ	6	0.09301504640805017	1	0	0.6190476417541504
115	putkeɑ	putkaɑ	7	0.0916200672202849	1	0	0.6190476417541504
115	putkeɑ	putkjɑ	8	0.08457831664437788	1	0	0.6190476417541504
115	putkeɑ	putkæ	9	0.08054771799986524	2	0	0.6190476417541504
115	putkeɑ	putkɑ	10	0.08023512183904585	1	0	0.6190476417541504
116	putkeːn	putkeːn	1	0.1406183412341444	0	1	0.7777777910232544
116	putkeːn	putkiːn	2	0.13112182411076684	1	0	0.7777777910232544
116	putkeːn	putkːeːn	3	0.10034705394435801	1	0	0.7777777910232544
116	putkeːn	putkɔːn	4	0.0961900147677449	1	0	0.7777777910232544
116	putkeːn	putkːiːn	5	0.09617732535945676	2	0	0.7777777910232544
116	putkeːn	putkuːn	6	0.09336083479728881	1	0	0.7777777910232544
116	putkeːn	putkseːn	7	0.08720787154644648	1	0	0.7777777910232544
116	putkeːn	putkaːn	8	0.08687063702668518	1	0	0.7777777910232544
116	putkeːn	putkjːn	9	0.08481815496973265	1	0	0.7777777910232544
116	putkeːn	putktːn	10	0.08328794224337595	1	0	0.7777777910232544
117	putkelːe	putkilːe	1	0.14238067974591243	1	0	0.8235294222831726
117	putkelːe	putkelːe	2	0.13601725826421163	0	1	0.8235294222831726
117	putkelːe	putkulːe	3	0.10510313485363758	1	0	0.8235294222831726
117	putkelːe	putkɔlːe	4	0.0913944161608353	1	0	0.8235294222831726
117	putkelːe	putgilːe	5	0.09088550255535162	2	0	0.8235294222831726
117	putkelːe	putklːe	6	0.09016250707531906	1	0	0.8235294222831726
117	putkelːe	putkɑlːe	7	0.08988041413111578	1	0	0.8235294222831726
117	putkelːe	putkalːe	8	0.0893101269370178	1	0	0.8235294222831726
117	putkelːe	putksːe	9	0.08539961523132542	2	0	0.8235294222831726
117	putkelːe	putkilːelːe	10	0.0794663450452734	3	0	0.8235294222831726
118	putken	putkin	1	0.15816101824185091	1	0	0.9473684430122375
118	putken	putken	2	0.14802822707882843	0	1	0.9473684430122375
118	putken	putkun	3	0.09754201122164492	1	0	0.9473684430122375
118	putken	putkan	4	0.09305197758587837	1	0	0.9473684430122375
118	putken	putksen	5	0.09186682732287438	1	0	0.9473684430122375
118	putken	putkɔn	6	0.08560659307259445	1	0	0.9473684430122375
118	putken	putkjen	7	0.08521748695775912	1	0	0.9473684430122375
118	putken	putkɑn	8	0.0817371184752303	1	0	0.9473684430122375
118	putken	putgin	9	0.08081003455011784	2	0	0.9473684430122375
118	putken	putkn	10	0.07797870549322128	1	0	0.9473684430122375
119	putkesːɑ	putkisːɑ	1	0.1309841956493465	1	0	0.875
119	putkesːɑ	putkesːɑ	2	0.11802374504769048	0	1	0.875
119	putkesːɑ	putkusːɑ	3	0.10103741385237273	1	0	0.875
119	putkesːɑ	putgisːɑ	4	0.10081404360657595	2	0	0.875
119	putkesːɑ	putisːɑ	5	0.09684010201251204	2	0	0.875
119	putkesːɑ	putksːɑ	6	0.0956193556540556	1	0	0.875
119	putkesːɑ	putɑsːɑ	7	0.09311800974961146	2	0	0.875
119	putkesːɑ	putesːɑ	8	0.08913559723361446	1	0	0.875
119	putkesːɑ	putːisːɑ	9	0.08745074028277548	2	0	0.875
119	putkesːɑ	putkɑsːɑ	10	0.08697679691144533	1	0	0.875
120	putkestɑ	putkistɑ	1	0.13653997992043504	1	0	0.8823529481887817
120	putkestɑ	putkestɑ	2	0.12494259824643963	0	1	0.8823529481887817
120	putkestɑ	putkustɑ	3	0.1041183422891173	1	0	0.8823529481887817
120	putkestɑ	putkstɑ	4	0.1024592844045524	1	0	0.8823529481887817
120	putkestɑ	putgistɑ	5	0.09192042818308356	2	0	0.8823529481887817
120	putkestɑ	putkɑstɑ	6	0.09102568591163726	1	0	0.8823529481887817
120	putkestɑ	putkistæ	7	0.09013272206487882	2	0	0.8823529481887817
120	putkestɑ	putkastɑ	8	0.089945235402511	1	0	0.8823529481887817
120	putkestɑ	putɑstɑ	9	0.08509694887532467	2	0	0.8823529481887817
120	putkestɑ	putistɑ	10	0.0838187747020203	2	0	0.8823529481887817
121	puːhun	puːn	1	0.20643771798562177	2	0	0.9333333373069763
121	puːhun	puːseːn	2	0.1070139133535241	3	0	0.9333333373069763
121	puːhun	putːn	3	0.09442621358858559	3	0	0.9333333373069763
121	puːhun	puhːn	4	0.09312953486729714	2	0	0.9333333373069763
121	puːhun	puːːn	5	0.08995221265518401	2	0	0.9333333373069763
121	puːhun	puːneːn	6	0.08915141812416084	3	0	0.9333333373069763
121	puːhun	puːnøːn	7	0.08613513499264307	3	0	0.9333333373069763
121	puːhun	puːnɨːn	8	0.08007138378473157	3	0	0.9333333373069763
121	puːhun	puːnːn	9	0.07773013253349012	2	0	0.9333333373069763
121	puːhun	pɔːn	10	0.07595233811476179	3	0	0.9333333373069763
122	puːlːe	puːlːe	1	0.1891477427382665	0	1	0.8823529481887817
122	puːlːe	puːlːelːe	2	0.0935421691204317	3	0	0.8823529481887817
122	puːlːe	puːlːesːe	3	0.09294654429446876	3	0	0.8823529481887817
122	puːlːe	pɔːlːe	4	0.09114258285638042	1	0	0.8823529481887817
122	puːlːe	puːlːexːe	5	0.09101587328499211	3	0	0.8823529481887817
122	puːlːe	puːelːe	6	0.08983976980944797	1	0	0.8823529481887817
122	puːlːe	poːlːe	7	0.08913487367144421	1	0	0.8823529481887817
122	puːlːe	puhlːe	8	0.08793573418619398	1	0	0.8823529481887817
122	puːlːe	putlːe	9	0.08776446721303167	1	0	0.8823529481887817
122	puːlːe	puːlːeːe	10	0.08753024282534264	2	0	0.8823529481887817
123	puːn	puːn	1	0.22774120727903296	0	1	0.9444444179534912
123	puːn	pɔːn	2	0.09110381592064083	1	0	0.9444444179534912
123	puːn	puːnen	3	0.08665038952258783	2	0	0.9444444179534912
123	puːn	puːnan	4	0.08636414280363085	2	0	0.9444444179534912
123	puːn	puːnɨn	5	0.08558914902184775	2	0	0.9444444179534912
123	puːn	puːnɑn	6	0.08528328334834263	2	0	0.9444444179534912
123	puːn	puːnøn	7	0.08524936454074454	2	0	0.9444444179534912
123	puːn	puːnin	8	0.08524119517755695	2	0	0.9444444179534912
123	puːn	puːnun	9	0.08486505078881998	2	0	0.9444444179534912
123	puːn	poːn	10	0.08191240159679565	1	0	0.9444444179534912
124	puːsːɑ	puːsːɑ	1	0.18658085980375624	0	1	1.0
124	puːsːɑ	puːsːæ	2	0.10612491498148141	1	0	1.0
124	puːsːɑ	puːsːɑsːɑ	3	0.09307763551208864	3	0	1.0
124	puːsːɑ	puːsːɑzːɑ	4	0.09179625705484944	3	0	1.0
124	puːsːɑ	pɔːsːɑ	5	0.09129229069549394	1	0	1.0
124	puːsːɑ	poːsːɑ	6	0.08822853032392848	1	0	1.0
124	puːsːɑ	puːstɑ	7	0.08722674520090302	1	0	1.0
124	puːsːɑ	puːsːɑːɑ	8	0.08677621913447744	2	0	1.0
124	puːsːɑ	putsːɑ	9	0.0850845213652039	1	0	1.0
124	puːsːɑ	pyːsːɑ	10	0.08381202592781749	1	0	1.0
125	puːstɑ	puːstɑ	1	0.18179830581925094	0	1	0.9411764740943909
125	puːstɑ	puːstæ	2	0.1087773055777587	1	0	0.9411764740943909
125	puːstɑ	puːsestɑ	3	0.09796913082135043	2	0	0.9411764740943909
125	puːstɑ	puːstɑstɑ	4	0.0915186918641636	3	0	0.9411764740943909
125	puːstɑ	puːstɑztɑ	5	0.08918252008438476	3	0	0.9411764740943909
125	puːstɑ	pɔːstɑ	6	0.08861612174432612	1	0	0.9411764740943909
125	puːstɑ	puːstɑxtɑ	7	0.08606888090668104	3	0	0.9411764740943909
125	puːstɑ	poːstɑ	8	0.08582842129166325	1	0	0.9411764740943909
125	puːstɑ	puːstɑgtɑ	9	0.08570760578264708	3	0	0.9411764740943909
125	puːstɑ	puːstɑːɑ	10	0.0845330161077741	2	0	0.9411764740943909
126	puːtɑ	puːtɑ	1	0.20154644708665917	0	1	0.9444444179534912
126	puːtɑ	puːtæ	2	0.10953299627809572	1	0	0.9444444179534912
126	puːtɑ	puːtːɑ	3	0.09454451442031261	1	0	0.9444444179534912
126	puːtɑ	puːtuɑ	4	0.08878813086299052	1	0	0.9444444179534912
126	puːtɑ	puːtɑːɑ	5	0.08800749115624822	2	0	0.9444444179534912
126	puːtɑ	puhtɑ	6	0.08648786416741036	1	0	0.9444444179534912
126	puːtɑ	pɔːtɑ	7	0.08395390674345367	1	0	0.9444444179534912
126	puːtɑ	puːtɑgɑ	8	0.08351129508778764	2	0	0.9444444179534912
126	puːtɑ	poːtɑ	9	0.08265044752651864	1	0	0.9444444179534912
126	puːtɑ	puːdɑ	10	0.08097690667052344	1	0	0.9444444179534912
127	reŋːɑstɑ	reŋːɑstɑ	1	0.1370611219583666	0	1	0.949999988079071
127	reŋːɑstɑ	reŋːɑːtɑ	2	0.12152609855015441	1	0	0.949999988079071
127	reŋːɑstɑ	reŋːɑtːɑ	3	0.11555130846219178	2	0	0.949999988079071
127	reŋːɑstɑ	reŋːɑkstɑ	4	0.11250138737505397	1	0	0.949999988079071
127	reŋːɑstɑ	reŋːɑːstɑ	5	0.09220423461272757	1	0	0.949999988079071
127	reŋːɑstɑ	reŋːɑɕtɑ	6	0.09049185894001312	1	0	0.949999988079071
127	reŋːɑstɑ	renːɑstɑ	7	0.08407649219285278	1	0	0.949999988079071
127	reŋːɑstɑ	reŋːɑztɑ	8	0.08337002235668388	1	0	0.949999988079071
127	reŋːɑstɑ	reŋːɑstæ	9	0.08161723141447619	1	0	0.949999988079071
127	reŋːɑstɑ	reŋːɑdeɑ	10	0.08160024413747968	2	0	0.949999988079071
128	reŋkɑːlːe	reŋːɑːlːe	1	0.12431979845840196	1	0	0.7647058963775635
128	reŋkɑːlːe	reŋːɑkse	2	0.11183447597800764	4	0	0.7647058963775635
128	reŋkɑːlːe	reŋːɑksːe	3	0.11029528986503134	3	0	0.7647058963775635
128	reŋkɑːlːe	reŋːɑsːe	4	0.10954748527983742	3	0	0.7647058963775635
128	reŋkɑːlːe	reŋːɑdelːe	5	0.10780447311785601	3	0	0.7647058963775635
128	reŋkɑːlːe	reŋːɑlːe	6	0.09391303846290695	2	0	0.7647058963775635
128	reŋkɑːlːe	reŋːɑɕːe	7	0.08812927462545601	3	0	0.7647058963775635
128	reŋkɑːlːe	reŋːɑtsːe	8	0.08660269706947232	3	0	0.7647058963775635
128	reŋkɑːlːe	reŋːɑelːe	9	0.0860905963079802	2	0	0.7647058963775635
128	reŋkɑːlːe	reŋːɑkselːe	10	0.08146287083505015	4	0	0.7647058963775635
129	reŋkɑːn	reŋːɑksen	1	0.1348996343156854	4	0	0.7222222089767456
129	reŋkɑːn	reŋːɑːn	2	0.13123569086588285	1	0	0.7222222089767456
129	reŋkɑːn	reŋːɑden	3	0.11149548627724525	3	0	0.7222222089767456
129	reŋkɑːn	reŋːɑsen	4	0.11123908443793416	3	0	0.7222222089767456
129	reŋkɑːn	reŋːɑtsen	5	0.0886814454768549	4	0	0.7222222089767456
129	reŋkɑːn	reŋːɑkseːn	6	0.08672983052027704	4	0	0.7222222089767456
129	reŋkɑːn	reŋːɑnsen	7	0.08498333348055281	4	0	0.7222222089767456
129	reŋkɑːn	reŋːɑnːn	8	0.08440081530328597	2	0	0.7222222089767456
129	reŋkɑːn	reŋːɑksin	9	0.0836739627873337	4	0	0.7222222089767456
129	reŋkɑːn	reŋːɑksːn	10	0.08266071653494789	3	0	0.7222222089767456
130	reŋkɑːseːn	reŋːɑːn	1	0.12619616672605244	4	0	0.7692307829856873
130	reŋkɑːseːn	reŋːɑseːn	2	0.11398892289826652	2	0	0.7692307829856873
130	reŋkɑːseːn	reŋːɑkseːn	3	0.11254581812279386	2	0	0.7692307829856873
130	reŋkɑːseːn	reŋːɑsːn	4	0.10929003973140647	3	0	0.7692307829856873
130	reŋkɑːseːn	reŋːɑtseːn	5	0.09663862530106163	2	0	0.7692307829856873
130	reŋkɑːseːn	reŋːɑːseːn	6	0.09117131911714418	1	0	0.7692307829856873
130	reŋkɑːseːn	reŋːɑdeːn	7	0.09031155038691707	3	0	0.7692307829856873
130	reŋkɑːseːn	reŋːɑksːn	8	0.08983272312131253	3	0	0.7692307829856873
130	reŋkɑːseːn	reŋːɑtːn	9	0.08673580503781057	4	0	0.7692307829856873
130	reŋkɑːseːn	reŋːɑtsːn	10	0.08328902955723473	3	0	0.7692307829856873
131	reŋkɑːsːɑ	reŋːɑːsːɑ	1	0.11922408109222699	1	0	0.4444444477558136
131	reŋkɑːsːɑ	reŋːɑsːɑ	2	0.11851089935024219	2	0	0.4444444477558136
131	reŋkɑːsːɑ	reŋːɑksːɑ	3	0.11052841781243262	2	0	0.4444444477558136
131	reŋkɑːsːɑ	reŋːɑksesːɑ	4	0.11020621370222368	4	0	0.4444444477558136
131	reŋkɑːsːɑ	reŋːɑdesːɑ	5	0.10570343147054037	3	0	0.4444444477558136
131	reŋkɑːsːɑ	reŋːɑːsesːɑ	6	0.09161582871584234	3	0	0.4444444477558136
131	reŋkɑːsːɑ	reŋːɑtsːɑ	7	0.08968760767586868	2	0	0.4444444477558136
131	reŋkɑːsːɑ	reŋːɑsesːɑ	8	0.08677951753806443	3	0	0.4444444477558136
131	reŋkɑːsːɑ	reŋːɑksesesːɑ	9	0.0852197376256202	6	0	0.4444444477558136
131	reŋkɑːsːɑ	reŋːɑesːɑ	10	0.0825242650169385	2	0	0.4444444477558136
132	reŋkɑːstɑ	reŋːɑstɑ	1	0.13424533234508923	2	0	0.7777777910232544
132	reŋkɑːstɑ	reŋːɑkstɑ	2	0.12135356760016512	2	0	0.7777777910232544
132	reŋkɑːstɑ	reŋːɑːstɑ	3	0.12069100273287625	1	0	0.7777777910232544
132	reŋkɑːstɑ	reŋːɑdestɑ	4	0.10933525951421526	3	0	0.7777777910232544
132	reŋkɑːstɑ	reŋːɑtstɑ	5	0.09863301716998672	2	0	0.7777777910232544
132	reŋkɑːstɑ	reŋːɑestɑ	6	0.08663806729720658	2	0	0.7777777910232544
132	reŋkɑːstɑ	reŋːɑgstɑ	7	0.08462846298629179	2	0	0.7777777910232544
132	reŋkɑːstɑ	reŋːɑɕtɑ	8	0.08411716705241545	3	0	0.7777777910232544
132	reŋkɑːstɑ	reŋːɑztɑ	9	0.08027424224954667	3	0	0.7777777910232544
132	reŋkɑːstɑ	reŋkɑstɑ	10	0.08008388105220693	1	0	0.7777777910232544
133	sieneːn	sieneːn	1	0.14109386393886078	0	1	0.75
133	sieneːn	sieniːn	2	0.13561010229884843	1	0	0.75
133	sieneːn	sientːn	3	0.10867267991061294	1	0	0.75
133	sieneːn	sienːn	4	0.10160726712469309	1	0	0.75
133	sieneːn	sienteːn	5	0.10101283196027466	1	0	0.75
133	sieneːn	sieneːseːn	6	0.0882548824796416	3	0	0.75
133	sieneːn	siendeːn	7	0.08381539531836979	1	0	0.75
133	sieneːn	sieniːseːn	8	0.08249306046683728	3	0	0.75
133	sieneːn	sienkːn	9	0.07880047701869222	1	0	0.75
133	sieneːn	sienɑːn	10	0.07863943948316922	1	0	0.75
134	sienelːe	sienelːe	1	0.14674974310633843	0	1	0.949999988079071
134	sienelːe	sienilːe	2	0.14411727734365293	1	0	0.949999988079071
134	sienelːe	sientelːe	3	0.0944729756724117	1	0	0.949999988079071
134	sienelːe	sienːe	4	0.09359327306020235	2	0	0.949999988079071
134	sienelːe	siendelːe	5	0.09207105476935837	1	0	0.949999988079071
134	sienelːe	sienɑlːe	6	0.09064256034085597	1	0	0.949999988079071
134	sienelːe	siendilːe	7	0.09027816242214602	2	0	0.949999988079071
134	sienelːe	si;nilːe	8	0.08298367649252078	2	0	0.949999988079071
134	sienelːe	sieselːe	9	0.08291238871615467	1	0	0.949999988079071
134	sienelːe	sienelːelːe	10	0.08217888807635881	3	0	0.949999988079071
135	sienen	sienen	1	0.15735921281104526	0	1	1.0
135	sienen	sienin	2	0.15232840851779333	1	0	1.0
135	sienen	sienːn	3	0.09764352915754437	1	0	1.0
135	sienen	sienten	4	0.09357924320319458	1	0	1.0
135	sienen	sienden	5	0.0898725131661265	1	0	1.0
135	sienen	sientæn	6	0.08663112096905158	2	0	1.0
135	sienen	sieneːn	7	0.08509481007783003	1	0	1.0
135	sienen	sienɑn	8	0.08180027580086459	1	0	1.0
135	sienen	sientn	9	0.07814077971309652	1	0	1.0
135	sienen	si;nin	10	0.07755010658345324	2	0	1.0
136	sienesːæ	sienesːæ	1	0.13961741466307673	0	1	0.875
136	sienesːæ	sienisːæ	2	0.13249007835213658	1	0	0.875
136	sienesːæ	sienesːɑ	3	0.10587718234220522	1	0	0.875
136	sienesːæ	sienisːɑ	4	0.10071135539895022	2	0	0.875
136	sienesːæ	sienːæ	5	0.09097044716705827	2	0	0.875
136	sienesːæ	sieneːsːæ	6	0.08802500813048726	1	0	0.875
136	sienesːæ	siendesːæ	7	0.08753118069828457	1	0	0.875
136	sienesːæ	sienɑsːæ	8	0.08679172487773242	1	0	0.875
136	sienesːæ	siendisːæ	9	0.08419575969202067	2	0	0.875
136	sienesːæ	sientæ	10	0.08378984867804808	3	0	0.875
137	sienestæ	sienestæ	1	0.14012184487580778	0	1	0.9333333373069763
137	sienestæ	sienistæ	2	0.13677626149931724	1	0	0.9333333373069763
137	sienestæ	sienestɑ	3	0.09990787783726864	1	0	0.9333333373069763
137	sienestæ	sienistɑ	4	0.09732776064613176	2	0	0.9333333373069763
137	sienestæ	sienɑstæ	5	0.08976561772624737	1	0	0.9333333373069763
137	sienestæ	siendestæ	6	0.08921356675701829	1	0	0.9333333373069763
137	sienestæ	sientæ	7	0.08763639320385899	2	0	0.9333333373069763
137	sienestæ	sienːæ	8	0.0874335920669805	3	0	0.9333333373069763
137	sienestæ	siendistæ	9	0.08595701914088746	2	0	0.9333333373069763
137	sienestæ	sieneːstæ	10	0.085860066246482	1	0	0.9333333373069763
138	sientæ	sieniæ	1	0.13824454012023069	1	0	0.6666666865348816
138	sientæ	sientæ	2	0.13438322417013465	0	1	0.6666666865348816
138	sientæ	sieneæ	3	0.12620812030903064	1	0	0.6666666865348816
138	sientæ	sienːæ	4	0.10414700679173043	1	0	0.6666666865348816
138	sientæ	sieneɑ	5	0.08786837076911087	2	0	0.6666666865348816
138	sientæ	sienɑː	6	0.08563297836169335	2	0	0.6666666865348816
138	sientæ	sienæː	7	0.08305342924566904	2	0	0.6666666865348816
138	sientæ	sieniɑ	8	0.08302976165661594	2	0	0.6666666865348816
138	sientæ	sien;æ	9	0.07932142689561779	1	0	0.6666666865348816
138	sientæ	siendæ	10	0.0781111416801666	1	0	0.6666666865348816
139	sirkukseːn	sirkuseːn	1	0.11493775614118817	1	0	1.0
139	sirkukseːn	sirkukseːn	2	0.11485795668247083	0	1	1.0
139	sirkukseːn	sirkuːseːn	3	0.11351960759573625	1	0	1.0
139	sirkukseːn	sirkusːn	4	0.10393433491302112	2	0	1.0
139	sirkukseːn	sirkutseːn	5	0.09550969915090213	1	0	1.0
139	sirkukseːn	sirkuːkseːn	6	0.09486637372287245	1	0	1.0
139	sirkukseːn	sirkuːn	7	0.0930239608653627	3	0	1.0
139	sirkukseːn	sirkudeːn	8	0.09102163596244864	2	0	1.0
139	sirkukseːn	sirkuksːn	9	0.08979199848362562	1	0	1.0
139	sirkukseːn	sirkuːsːn	10	0.0885366764823721	2	0	1.0
140	sirkukselːe	sirkukse	1	0.11640826839675235	3	0	0.8999999761581421
140	sirkukselːe	sirkuːlːe	2	0.11337020405605391	3	0	0.8999999761581421
140	sirkukselːe	sirkudelːe	3	0.11095979107847309	2	0	0.8999999761581421
140	sirkukselːe	sirkusːe	4	0.10872157302882426	3	0	0.8999999761581421
140	sirkukselːe	sirkuksːe	5	0.1084101701171799	2	0	0.8999999761581421
140	sirkukselːe	sirkuelːe	6	0.09144984077864032	2	0	0.8999999761581421
140	sirkukselːe	sirkuɕːe	7	0.09084045337333924	4	0	0.8999999761581421
140	sirkukselːe	sirkulːe	8	0.08992354435000252	3	0	0.8999999761581421
140	sirkukselːe	sirkutsːe	9	0.08514067242253055	3	0	0.8999999761581421
140	sirkukselːe	sirkukselːe	10	0.08477548239820384	0	1	0.8999999761581421
141	sirkuksen	sirkuksen	1	0.13493976568429136	0	1	0.8947368264198303
141	sirkuksen	sirkuden	2	0.11497585839317441	2	0	0.8947368264198303
141	sirkuksen	sirkuːn	3	0.11486485306628075	3	0	0.8947368264198303
141	sirkuksen	sirkusen	4	0.11399831478652071	1	0	0.8947368264198303
141	sirkuksen	sirkutsen	5	0.09072342959068493	1	0	0.8947368264198303
141	sirkuksen	sirkuzen	6	0.08753696379598894	2	0	0.8947368264198303
141	sirkuksen	sirkuɕn	7	0.08749059370859455	3	0	0.8947368264198303
141	sirkuksen	sirkukseːn	8	0.08580647159833457	1	0	0.8947368264198303
141	sirkuksen	sirkuen	9	0.08531564365575309	2	0	0.8947368264198303
141	sirkuksen	sirkuːsen	10	0.08434810572037672	1	0	0.8947368264198303
142	sirkuksesːɑ	sirkuksesːɑ	1	0.1136339866305612	0	1	1.0
142	sirkuksesːɑ	sirkusːɑ	2	0.11239615163073895	3	0	1.0
142	sirkuksesːɑ	sirkuksːɑ	3	0.10992832515603604	2	0	1.0
142	sirkuksesːɑ	sirkuːsːɑ	4	0.10895510216583412	3	0	1.0
142	sirkuksesːɑ	sirkudesːɑ	5	0.10713814565173874	2	0	1.0
142	sirkuksesːɑ	sirkusesːɑ	6	0.09260916449655214	1	0	1.0
142	sirkuksesːɑ	sirkuːsesːɑ	7	0.09253187012349139	1	0	1.0
142	sirkuksesːɑ	sirkuksesesːɑ	8	0.0890241190055732	2	0	1.0
142	sirkuksesːɑ	sirkutsːɑ	9	0.0877158190453161	3	0	1.0
142	sirkuksesːɑ	sirkuesːɑ	10	0.08606731609415814	2	0	1.0
143	sirkuksestɑ	sirkustɑ	1	0.1269484880644087	3	0	0.7777777910232544
143	sirkuksestɑ	sirkukstɑ	2	0.1222500436734042	2	0	0.7777777910232544
143	sirkuksestɑ	sirkuːstɑ	3	0.11162079564811862	3	0	0.7777777910232544
143	sirkuksestɑ	sirkudestɑ	4	0.11023863161531168	2	0	0.7777777910232544
143	sirkuksestɑ	sirkutstɑ	5	0.09533664430564781	3	0	0.7777777910232544
143	sirkuksestɑ	sirkuksestɑ	6	0.09385274276814008	0	1	0.7777777910232544
143	sirkuksestɑ	sirkuestɑ	7	0.08954543379582908	2	0	0.7777777910232544
143	sirkuksestɑ	sirkuɕtɑ	8	0.08588023803020553	4	0	0.7777777910232544
143	sirkuksestɑ	sirkuztɑ	9	0.08222238084566641	4	0	0.7777777910232544
143	sirkuksestɑ	sirkukstæ	10	0.08210460125326788	3	0	0.7777777910232544
144	sirkustɑ	sirkustɑ	1	0.1307171297142844	0	1	0.8947368264198303
144	sirkustɑ	sirkutːɑ	2	0.11742412909777467	2	0	0.8947368264198303
144	sirkustɑ	sirkukstɑ	3	0.11527416040578473	1	0	0.8947368264198303
144	sirkustɑ	sirkuːstɑ	4	0.1005835518086802	1	0	0.8947368264198303
144	sirkustɑ	sirkuːtɑ	5	0.09976003594562857	1	0	0.8947368264198303
144	sirkustɑ	sirkuɕtɑ	6	0.09143053706534475	1	0	0.8947368264198303
144	sirkustɑ	sirkutstɑ	7	0.08778241748759381	1	0	0.8947368264198303
144	sirkustɑ	sirkuːɑ	8	0.08719024783783347	2	0	0.8947368264198303
144	sirkustɑ	sirkuztɑ	9	0.08501601606900118	1	0	0.8947368264198303
144	sirkustɑ	sirkudeɑ	10	0.08482177456807424	2	0	0.8947368264198303
145	sormukseːn	sormuseːn	1	0.11980361326755712	1	0	0.9285714030265808
145	sormukseːn	sormukseːn	2	0.11458786709193708	0	1	0.9285714030265808
145	sormukseːn	sormuːseːn	3	0.1121647459342088	1	0	0.9285714030265808
145	sormukseːn	sormusːn	4	0.1095596662822834	2	0	0.9285714030265808
145	sormukseːn	sormutseːn	5	0.09715816510200201	1	0	0.9285714030265808
145	sormukseːn	sormuːkseːn	6	0.09456214283144997	1	0	0.9285714030265808
145	sormukseːn	sormudeːn	7	0.09058202781357214	2	0	0.9285714030265808
145	sormukseːn	sormuksːn	8	0.08795626295136613	1	0	0.9285714030265808
145	sormukseːn	sormuːsːn	9	0.08762816194643304	2	0	0.9285714030265808
145	sormukseːn	sormuɕːn	10	0.08599734677919031	3	0	0.9285714030265808
146	sormukselːe	sormukse	1	0.11734405381741318	3	0	0.8823529481887817
146	sormukselːe	sormusːe	2	0.112179576306114	3	0	0.8823529481887817
146	sormukselːe	sormuːlːe	3	0.11105188690983739	3	0	0.8823529481887817
146	sormukselːe	sormudelːe	4	0.10969956220139294	2	0	0.8823529481887817
146	sormukselːe	sormuksːe	5	0.107941114770025	2	0	0.8823529481887817
146	sormukselːe	sormuɕːe	6	0.09653390862569892	4	0	0.8823529481887817
146	sormukselːe	sormulːe	7	0.08851033883293757	3	0	0.8823529481887817
146	sormukselːe	sormuelːe	8	0.08688095362511282	2	0	0.8823529481887817
146	sormukselːe	sormutsːe	9	0.0859619666345947	3	0	0.8823529481887817
146	sormukselːe	sormukselːe	10	0.08389663827687346	0	1	0.8823529481887817
147	sormuksen	sormuksen	1	0.1309106548748991	0	1	1.0
147	sormuksen	sormusen	2	0.11358826162112753	1	0	1.0
147	sormuksen	sormuden	3	0.11074653540926277	2	0	1.0
147	sormuksen	sormuːn	4	0.10439504761192242	3	0	1.0
147	sormuksen	sormuːsen	5	0.09816711717392056	1	0	1.0
147	sormuksen	sormuːksen	6	0.09324844132340439	1	0	1.0
147	sormuksen	sormuɕn	7	0.09051934298243051	3	0	1.0
147	sormuksen	sormutsen	8	0.08903914172114556	1	0	1.0
147	sormuksen	sormuzen	9	0.08648653939175857	2	0	1.0
147	sormuksen	sormukseːn	10	0.08289891789012857	1	0	1.0
148	sormuksesːɑ	sormusːɑ	1	0.11498300211170795	3	0	0.875
148	sormuksesːɑ	sormuksesːɑ	2	0.11447774542491296	0	1	0.875
148	sormuksesːɑ	sormuksːɑ	3	0.10907059729763043	2	0	0.875
148	sormuksesːɑ	sormuːsːɑ	4	0.10668881224880689	3	0	0.875
148	sormuksesːɑ	sormudesːɑ	5	0.10605721561959747	2	0	0.875
148	sormuksesːɑ	sormuːsesːɑ	6	0.09283336537888788	1	0	0.875
148	sormuksesːɑ	sormusesːɑ	7	0.09214035515186263	1	0	0.875
148	sormuksesːɑ	sormuksesesːɑ	8	0.0895216381078503	2	0	0.875
148	sormuksesːɑ	sormutsːɑ	9	0.08740780506643707	3	0	0.875
148	sormuksesːɑ	sormuɕːɑ	10	0.08681946359230645	4	0	0.875
149	sormusksestɑ	sormustɑ	1	0.13086130439100013	4	0	1.0
149	sormusksestɑ	sormukstɑ	2	0.12103085323115349	3	0	1.0
149	sormusksestɑ	sormuːstɑ	3	0.10905058252113727	4	0	1.0
149	sormusksestɑ	sormudestɑ	4	0.1082533736331624	3	0	1.0
149	sormusksestɑ	sormutstɑ	5	0.09427100445793289	4	0	1.0
149	sormusksestɑ	sormuksestɑ	6	0.09294488914042556	1	0	1.0
149	sormusksestɑ	sormuɕtɑ	7	0.08957442694088023	5	0	1.0
149	sormusksestɑ	sormuestɑ	8	0.08723268783156063	3	0	1.0
149	sormusksestɑ	sormuztɑ	9	0.08343357758677993	5	0	1.0
149	sormusksestɑ	sormustæ	10	0.08334730026596748	5	0	1.0
150	sormustɑ	sormustɑ	1	0.1394091817609404	0	1	1.0
150	sormustɑ	sormukstɑ	2	0.11242520407436297	1	0	1.0
150	sormustɑ	sormutːɑ	3	0.10773812596568705	2	0	1.0
150	sormustɑ	sormuːstɑ	4	0.09848856363032543	1	0	1.0
150	sormustɑ	sormuːtɑ	5	0.09487551654930808	1	0	1.0
150	sormustɑ	sormuɕtɑ	6	0.09388430241426335	1	0	1.0
150	sormustɑ	sormutstɑ	7	0.09073087241506633	1	0	1.0
150	sormustɑ	sormustæ	8	0.08931163060415695	1	0	1.0
150	sormustɑ	sormuztɑ	9	0.08691914552025765	1	0	1.0
150	sormustɑ	sormuːɑ	10	0.08621745706563183	2	0	1.0
151	uːniɑ	uːniɑ	1	0.169644203689854	0	1	1.0
151	uːniɑ	uːntɑ	2	0.14613869922496803	1	0	1.0
151	uːniɑ	uːneɑ	3	0.12066491614539188	1	0	1.0
151	uːniɑ	uːnːɑ	4	0.08695215010188281	1	0	1.0
151	uːniɑ	uːniæ	5	0.08681091202254881	1	0	1.0
151	uːniɑ	uːn;tɑ	6	0.08131835719697271	2	0	1.0
151	uːniɑ	uːnɔɑ	7	0.08048021889693482	1	0	1.0
151	uːniɑ	uːntæ	8	0.07926235082032747	2	0	1.0
151	uːniɑ	uːndɑ	9	0.07626665547680044	1	0	1.0
151	uːniɑ	uːniɑztɑ	10	0.07246153642431903	3	0	1.0
152	uːniːn	uːniːn	1	0.16018207828075842	0	1	0.7777777910232544
152	uːniːn	uːneːn	2	0.1327481796146924	1	0	0.7777777910232544
152	uːniːn	uːntːn	3	0.11033343462409086	1	0	0.7777777910232544
152	uːniːn	uːnteːn	4	0.0982388219336333	2	0	0.7777777910232544
152	uːniːn	uːniːseːn	5	0.08861652742099131	3	0	0.7777777910232544
152	uːniːn	uːnːn	6	0.08421447599705273	1	0	0.7777777910232544
152	uːniːn	uːnɔːn	7	0.08388014054181221	1	0	0.7777777910232544
152	uːniːn	uːniːneːn	8	0.08131237173346802	3	0	0.7777777910232544
152	uːniːn	uhniːn	9	0.08097460309374482	1	0	0.7777777910232544
152	uːniːn	uːnʒːn	10	0.07949936675975593	1	0	0.7777777910232544
153	uːnilːe	uːnilːe	1	0.17202917470331577	0	1	0.9473684430122375
153	uːnilːe	uːnelːe	2	0.12316630945289088	1	0	0.9473684430122375
153	uːnilːe	uːnilːelːe	3	0.09013892542985671	3	0	0.9473684430122375
153	uːnilːe	uhnilːe	4	0.0899388128603451	1	0	0.9473684430122375
153	uːnilːe	uːntlːe	5	0.0898118469201968	1	0	0.9473684430122375
153	uːnilːe	uːnilːesːe	6	0.08961812058572251	3	0	0.9473684430122375
153	uːnilːe	uːnːlːe	7	0.08944442763871684	1	0	0.9473684430122375
153	uːnilːe	uːɲilːe	8	0.08679449840183678	1	0	0.9473684430122375
153	uːnilːe	uːnilːeːe	9	0.08485929003371484	2	0	0.9473684430122375
153	uːnilːe	uːnɔlːe	10	0.08419859397340379	1	0	0.9473684430122375
154	uːnin	uːnin	1	0.19611136940804152	0	1	0.8999999761581421
154	uːnin	uːnen	2	0.12783269099517194	1	0	0.8999999761581421
154	uːnin	uːnden	3	0.08947546131949882	2	0	0.8999999761581421
154	uːnin	uːniːn	4	0.08584006845498697	1	0	0.8999999761581421
154	uːnin	uhnin	5	0.08530422871747942	1	0	0.8999999761581421
154	uːnin	uːntn	6	0.08498896439355484	1	0	0.8999999761581421
154	uːnin	uːninan	7	0.0833965260251675	2	0	0.8999999761581421
154	uːnin	uːninen	8	0.0825776735293682	2	0	0.8999999761581421
154	uːnin	uːnːn	9	0.08228421740696677	1	0	0.8999999761581421
154	uːnin	uːninɨn	10	0.082188799749764	2	0	0.8999999761581421
155	uːnisːɑ	uːnisːɑ	1	0.16336162387159303	0	1	0.9411764740943909
155	uːnisːɑ	uːnesːɑ	2	0.13168957088626437	1	0	0.9411764740943909
155	uːnisːɑ	uːnisːæ	3	0.10220635169811257	1	0	0.9411764740943909
155	uːnisːɑ	uːndesːɑ	4	0.09004067406768318	2	0	0.9411764740943909
155	uːnisːɑ	uːnːsːɑ	5	0.08997654083842871	1	0	0.9411764740943909
155	uːnisːɑ	uːnisːɑsːɑ	6	0.08609169554024886	3	0	0.9411764740943909
155	uːnisːɑ	uːnisːɑzːɑ	7	0.08537391579031549	3	0	0.9411764740943909
155	uːnisːɑ	uhnisːɑ	8	0.08435719194949437	1	0	0.9411764740943909
155	uːnisːɑ	uːnɑsːɑ	9	0.08426583273147459	1	0	0.9411764740943909
155	uːnisːɑ	uːnɔsːɑ	10	0.08263660262638485	1	0	0.9411764740943909
156	uːnistɑ	uːnistɑ	1	0.16152946237032703	0	1	0.8823529481887817
156	uːnistɑ	uːnestɑ	2	0.13125877426427582	1	0	0.8823529481887817
156	uːnistɑ	uːnistæ	3	0.10366540397695723	1	0	0.8823529481887817
156	uːnistɑ	uːndestɑ	4	0.091454975417845	2	0	0.8823529481887817
156	uːnistɑ	uːnːstɑ	5	0.08986044096486433	1	0	0.8823529481887817
156	uːnistɑ	uːnistɑstɑ	6	0.08576230337877475	3	0	0.8823529481887817
156	uːnistɑ	uːnestæ	7	0.08432313969423362	2	0	0.8823529481887817
156	uːnistɑ	uːnistɑztɑ	8	0.08422669348562092	3	0	0.8823529481887817
156	uːnistɑ	uːnɑstɑ	9	0.08408620077925684	1	0	0.8823529481887817
156	uːnistɑ	uhnistɑ	10	0.08383260566784446	1	0	0.8823529481887817
157	ʋyølːe	ʋyølːe	1	0.19686689995027912	0	1	0.949999988079071
157	ʋyølːe	ʋyølːelːe	2	0.09765362111229577	3	0	0.949999988079071
157	ʋyølːe	ʋyølːesːe	3	0.09663281154247812	3	0	0.949999988079071
157	ʋyølːe	ʋyølːexːe	4	0.09295587400211075	3	0	0.949999988079071
157	ʋyølːe	ʋydølːe	5	0.09067867976373983	1	0	0.949999988079071
157	ʋyølːe	ʋyøsːe	6	0.08667752466435127	1	0	0.949999988079071
157	ʋyølːe	ʋyølːege	7	0.0864887030221275	2	0	0.949999988079071
157	ʋyølːe	ʋøølːe	8	0.08609581818221823	1	0	0.949999988079071
157	ʋyølːe	ʋæølːe	9	0.08337658315487591	1	0	0.949999988079071
157	ʋyølːe	ʋyølːen	10	0.08257348460552351	1	0	0.949999988079071
158	ʋyøstæ	ʋyøstæ	1	0.18539759134481615	0	1	0.9047619104385376
158	ʋyøstæ	ʋyøstɑ	2	0.10580618925105187	1	0	0.9047619104385376
158	ʋyøstæ	ʋyøsestæ	3	0.09884932508780736	2	0	0.9047619104385376
158	ʋyøstæ	ʋyøstæstæ	4	0.09361934863256408	3	0	0.9047619104385376
158	ʋyøstæ	ʋyøːstæ	5	0.09088695199079294	1	0	0.9047619104385376
158	ʋyøstæ	ʋyøstægtæ	6	0.08667784012394474	3	0	0.9047619104385376
158	ʋyøstæ	ʋyøstægstæ	7	0.08603830575322403	4	0	0.9047619104385376
158	ʋyøstæ	ʋydøstæ	8	0.08526367082787496	1	0	0.9047619104385376
158	ʋyøstæ	ʋyøstæːæ	9	0.08478582577147378	2	0	0.9047619104385376
158	ʋyøstæ	ʋyøsːæ	10	0.08267495121645008	1	0	0.9047619104385376
159	ʋyøn	ʋyøn	1	0.22550062001822055	0	1	1.0
159	ʋyøn	ʋyønsːæ	2	0.09280634073145155	3	0	1.0
159	ʋyøn	ʋyøsːæ	3	0.09107839937004354	3	0	1.0
159	ʋyøn	ʋyøːn	4	0.08703002231413015	1	0	1.0
159	ʋyøn	ʋyønan	5	0.08604833926070117	2	0	1.0
159	ʋyøn	ʋyønen	6	0.08505564393320907	2	0	1.0
159	ʋyøn	ʋyønøn	7	0.0843705445324807	2	0	1.0
159	ʋyøn	ʋyønɨn	8	0.08424679240327111	2	0	1.0
159	ʋyøn	ʋyønæn	9	0.0842368677612142	2	0	1.0
159	ʋyøn	ʋydøn	10	0.07962642967527794	1	0	1.0
160	ʋyøhøn	ʋyøːn	1	0.19885482558129894	2	0	0.6875
160	ʋyøhøn	ʋyøːseːn	2	0.10681340336744695	4	0	0.6875
160	ʋyøhøn	ʋyøtn	3	0.09519140232691897	2	0	0.6875
160	ʋyøhøn	ʋyøːneːn	4	0.09263523625169298	4	0	0.6875
160	ʋyøhøn	ʋyøːnøːn	5	0.09029365173383797	3	0	0.6875
160	ʋyøhøn	ʋyøːnyːn	6	0.08795001230901292	4	0	0.6875
160	ʋyøhøn	ʋyø;n	7	0.0827659927461063	2	0	0.6875
160	ʋyøhøn	ʋyøhn	8	0.08197100812269877	1	0	0.6875
160	ʋyøhøn	ʋyøyːn	9	0.08179285610029657	2	0	0.6875
160	ʋyøhøn	ʋyøːniːn	10	0.08173161146068963	4	0	0.6875
161	ʋyøsːæ	ʋyøsːæ	1	0.1874167115001505	0	1	1.0
161	ʋyøsːæ	ʋyøsːɑ	2	0.11589727729016958	1	0	1.0
161	ʋyøsːæ	ʋyøsːæsːæ	3	0.09343112328379216	3	0	1.0
161	ʋyøsːæ	ʋyøːsːæ	4	0.09245431299193352	1	0	1.0
161	ʋyøsːæ	ʋyøsːæzːæ	5	0.09174394525923482	3	0	1.0
161	ʋyøsːæ	ʋyøstæ	6	0.09010774102748663	1	0	1.0
161	ʋyøsːæ	ʋydøsːæ	7	0.08652718417435008	1	0	1.0
161	ʋyøsːæ	ʋyøsːægæ	8	0.08226064477861317	2	0	1.0
161	ʋyøsːæ	ʋøøsːæ	9	0.08086507251240664	1	0	1.0
161	ʋyøsːæ	ʋyølːæ	10	0.07929598718186293	1	0	1.0
162	ʋyøtæ	ʋyøtæ	1	0.19214742920645478	0	1	0.9411764740943909
162	ʋyøtæ	ʋyøæ	2	0.11126245874232427	1	0	0.9411764740943909
162	ʋyøtæ	ʋyøtɑ	3	0.10193913091418699	1	0	0.9411764740943909
162	ʋyøtæ	ʋyøtːæ	4	0.10124536398897489	1	0	0.9411764740943909
162	ʋyøtæ	ʋyøɑ	5	0.09076345372145248	2	0	0.9411764740943909
162	ʋyøtæ	ʋyøtyæ	6	0.0839326351060898	1	0	0.9411764740943909
162	ʋyøtæ	ʋyøtæːæ	7	0.08381446266404283	2	0	0.9411764740943909
162	ʋyøtæ	ʋyøyæ	8	0.08082717707483471	1	0	0.9411764740943909
162	ʋyøtæ	ʋyøtøæ	9	0.07832206201981745	1	0	0.9411764740943909
162	ʋyøtæ	ʋyødæ	10	0.07574582656182179	1	0	0.9411764740943909
